UID,Full_Name,Profession,Rating,Age,Profession_Category,Email,"Comfortability_Level(Super Luxury-2, Luxury-1, Average-0)",Gender,Language_Spoken,Gender_Preference,Smoking,Music_Lover,Motion_Sickness,Like_Quietness
U438647577019,"Brown, Mia",Clerk,3.2,37,25,ashaw0@nationalgeographic.com,0,1,Sinhala,No,No,Yes,No,No
U159493927105,"LaRotonda, William",Driver,2.3,44,20,ecarpenter1@constantcontact.com,1,1,Sinhala,No,No,Yes,No,No
U379496329652,"Steans, Tyrone",Body Guard,4.3,32,17,asanchez2@ask.com,1,0,Sinhala,No,No,Yes,No,No
U608523174065,"Howard, Estelle",Security Officer,2.1,31,15,jparker3@accuweather.com,2,1,Sinhala,No,No,Yes,No,No
U820858091976,"Singh, Nan",Clerk,2.6,31,20,rhenderson4@mediafire.com,1,0,Sinhala,No,No,Yes,No,No
U632603645642,"Smith, Leigh Ann",Body Guard,3.9,33,17,ihill5@ucla.edu,1,1,Sinhala,No,No,Yes,No,No
U247049774733,"LeBlanc, Brandon R",Security Officer,4.9,35,15,jpeters6@slideshare.net,0,0,Sinhala,No,No,Yes,No,No
U406232313582,"Quinn, Sean",Clerk,3.8,39,25,lbanks7@nih.gov,1,1,Sinhala,No,No,Yes,No,No
U361247857339,"Boutwell, Bonalyn",Driver,5,42,25,ataylor8@huffingtonpost.com,1,1,Sinhala,No,No,Yes,No,No
U257091362436,"Foster-Baker, Amy",Driver,3.6,23,25,mrichardson9@jugem.jp,1,1,Sinhala,No,No,Yes,No,No
U840682693389,"King, Janet",Driver,2.2,31,25,ffishera@rediff.com,1,1,Sinhala,No,No,Yes,No,No
U853681246915,"Zamora, Jennifer",Driver,4,29,15,ccoleb@go.com,1,0,Sinhala,No,No,Yes,No,Yes
U236728123074,"Becker, Renee",Clerk,2.1,42,20,jpaynec@bloglovin.com,2,1,Sinhala,No,No,Yes,No,Yes
U785871656253,"Goble, Taisha",Body Guard,4.3,36,15,dwoodsd@canalblog.com,0,1,Sinhala,No,No,Yes,Yes,Yes
U523944650075,"Hernandez, Daniff",Clerk,3.6,27,20,glawsone@yolasite.com,1,0,Sinhala,No,No,No,Yes,No
U699844050388,"Horton, Jayne",Body Guard,3.2,29,15,kpaynef@mit.edu,0,0,Sinhala,Male,No,No,Yes,No
U592171519542,"Johnson, Noelle",Clerk,3.5,23,32,smillerg@foxnews.com,1,0,Sinhala,Male,No,No,Yes,No
U568758483846,"Murray, Thomas",intern,4.2,22,32,kevansh@huffingtonpost.com,2,0,Sinhala,Male,No,No,Yes,No
U763953172679,"Pearson, Randall",intern,4.9,24,32,kmendozai@w3.org,2,1,Sinhala,Male,No,No,Yes,No
U840584514238,"Petrowsky, Thelma",intern,2.6,23,32,slarsonj@amazon.com,2,0,Sinhala,Male,No,Yes,Yes,No
U399496564250,"Roby, Lori",intern,2.7,22,32,rrobertsk@phoca.cz,1,1,Sinhala,Male,No,Yes,No,No
U765045037134,"Rogers, Ivan",intern,4.7,22,32,mholmesl@ovh.net,2,1,Sinhala,Male,No,Yes,No,No
U342212075551,"Salter, Jason",intern,4.8,25,32,mortizm@foxnews.com,1,1,Sinhala,Female,No,Yes,No,No
U779026400271,"Simard, Kramer",intern,4.9,22,32,dwalkern@mayoclinic.com,2,1,Sinhala,Male,No,Yes,No,No
U479354221968,"Zhou, Julia",intern,2.2,23,42,dhendersono@reddit.com,2,1,Sinhala,Male,No,Yes,No,No
U128338763657,"Foss, Jason",Administrative Assistant,4.6,35,42,ewillisp@bbc.co.uk,1,0,Sinhala,Male,No,Yes,No,No
U945680134262,"Roup,Simon",Administrative Assistant,4.9,33,42,smorrisonq@dailymail.co.uk,0,1,Sinhala,No,No,Yes,No,No
U109506985204,"Ruiz, Ricardo",Administrative Assistant,2.7,35,42,jturnerr@weebly.com,0,1,Sinhala,No,No,Yes,No,Yes
U562822859132,"Monroe, Peter",Administrative Assistant,2.1,34,42,dknights@nytimes.com,1,0,Sinhala,No,No,Yes,No,Yes
U474533093760,"Dougall, Eric",Administrative Assistant,3.6,37,42,wpalmert@youtube.com,2,1,Sinhala,No,No,Yes,No,Yes
U529373242441,"Foss, Jason",Administrative Assistant,4.6,35,32,ewillisp@bbc.co.uk,1,0,Sinhala,Male,No,Yes,No,No
U444249383264,"Roup,Simon",Administrative Assistant,4.9,33,32,smorrisonq@dailymail.co.uk,0,1,Sinhala,No,No,Yes,No,No
U150238597130,"Ruiz, Ricardo",Administrative Assistant,2.7,35,35,jturnerr@weebly.com,0,1,Sinhala,No,No,Yes,No,Yes
U992860588136,"Monroe, Peter",Administrative Assistant,2.1,34,37,dknights@nytimes.com,1,0,Sinhala,No,No,Yes,No,Yes
U483654859007,"Dougall, Eric",Administrative Assistant,3.6,37,31,wpalmert@youtube.com,2,1,Sinhala,No,Yes,Yes,No,Yes
U671154590194,"Cisco, Anthony",Bank Assistant,2.9,27,38,kdixonz@census.gov,2,0,Sinhala,Female,Yes,Yes,No,Yes
U840630540418,"Dolan, Linda",Bank Assistant,2.7,29,38,hrose10@addthis.com,1,0,Sinhala,Female,Yes,Yes,No,Yes
U557420460494,"Gonzalez, Maria",Bank Assistant,4.6,38,38,mandrews11@gnu.org,1,1,Sinhala,Female,No,Yes,No,No
U539119904048,"Merlos, Carlos",Bank Assistant,3.4,50,38,cmeyer12@si.edu,1,0,Sinhala,Female,No,Yes,No,No
U167095680164,"Morway, Tanya",Bank Assistant,2.9,35,40,rlee13@aol.com,1,0,Sinhala,No,No,Yes,No,No
U177087014459,"Shepard, Anita",IT Support,3.4,24,40,cpierce14@ucsd.edu,0,0,Sinhala,No,Yes,Yes,Yes,Yes
U871577602277,"Tredinnick, Neville",IT Support,3.7,35,40,jwright15@craigslist.org,1,1,Sinhala,No,Yes,Yes,Yes,Yes
U444889923572,"Turpin, Jumil",IT Support,2.3,27,40,tpierce16@independent.co.uk,2,1,English,No,Yes,Yes,Yes,Yes
U796987799277,"Ait Sidi, Karthikeyan",IT Support,2.9,18,40,greyes17@rediff.com,0,0,Sinhala,No,No,Yes,No,No
U725131161183,"Carr, Claudia N",IT Support,3,30,40,dlewis18@netvibes.com,1,1,Sinhala,No,No,Yes,No,Yes
U410182361889,"Favis, Donald",IT Support,4.8,38,40,jlawson19@auda.org.au,1,1,Sinhala,No,No,Yes,Yes,Yes
U673303742963,"Roehrich, Bianca",IT Support,3.8,28,35,smontgomery1a@webs.com,0,1,Sinhala,No,No,Yes,Yes,No
U660711109328,"Daniele, Ann",Cashier,3.6,34,35,dsims1b@reddit.com,2,1,Sinhala,No,No,Yes,Yes,No
U365258926609,"Lajiri, Jyoti",Cashier,4.2,26,35,dgardner1c@unblog.fr,1,0,Sinhala,No,No,Yes,Yes,No
U414714024174,"Semizoglou, Jeremiah",Cashier,3.3,30,35,sellis1d@histats.com,1,0,Sinhala,No,No,Yes,Yes,No
U865454084896,"South, Joe",Cashier,5,22,35,pperkins1e@hubpages.com,2,0,Sinhala,No,No,Yes,Yes,No
U787036176685,"Warfield, Sarah",Cashier,4.3,33,35,dfox1f@umn.edu,1,1,Sinhala,No,No,Yes,Yes,No
U599262073031,"Bramante, Elisa",Cashier,4.9,31,35,aperkins1g@wikispaces.com,2,1,Sinhala,No,No,Yes,Yes,No
U473930855374,"Albert, Michael",Clerks,2.8,32,35,pthompson1h@psu.edu,1,0,Sinhala,No,No,Yes,Yes,No
U373141882199,"Bozzi, Charles",Clerks,3.8,28,35,ptucker1i@wisc.edu,1,0,Sinhala,Female,No,Yes,Yes,No
U328601741678,"Butler, Webster L",Clerks,4.6,27,35,ehughes1j@abc.net.au,1,1,Sinhala,Female,No,Yes,Yes,No
U241926571280,"Dunn, Amy",Clerks,5,32,55,achapman1k@cmu.edu,0,1,Sinhala,Male,No,Yes,Yes,No
U225420425668,"Gray, Elijiah",Network Engineer,3.8,24,55,vbennett1l@pagesperso-orange.fr,2,1,Sinhala,Female,No,Yes,Yes,No
U601997305287,"Hogland, Jonathan",Network Engineer,4.8,33,55,jcruz1m@digg.com,2,1,Sinhala,Female,No,Yes,Yes,No
U834642987393,"Immediato, Walter",Network Engineer,2.1,33,55,ehowell1n@usnews.com,1,0,Sinhala,Female,No,Yes,Yes,Yes
U335512753535,"Liebig, Ketsia",Network Engineer,3.1,30,55,hreyes1o@wordpress.com,0,0,Sinhala,Female,No,Yes,Yes,Yes
U360693063421,"Miller, Brannon",Network Engineer,2,32,55,lfox1p@sogou.com,1,1,Sinhala,Female,No,Yes,Yes,Yes
U543114481156,"Hogland, Jonathan",Network Engineer,4.8,32,55,jcruz1m@digg.com,2,1,Sinhala,Female,No,Yes,Yes,No
U149934580181,"Immediato, Walter",Network Engineer,2.1,33,55,ehowell1n@usnews.com,1,0,Sinhala,Female,No,Yes,Yes,Yes
U961612185361,"Liebig, Ketsia",Network Engineer,3.1,44,55,hreyes1o@wordpress.com,0,0,Sinhala,Female,No,Yes,Yes,Yes
U759923461454,"Miller, Brannon",Network Engineer,2,26,55,lfox1p@sogou.com,1,1,Sinhala,Female,No,Yes,Yes,Yes
U551241643270,"Miller, Brannon",Project Manager,2,37,68,lfox1p@sogou.com,1,1,Sinhala,Female,No,Yes,Yes,Yes
U928421655353,"Adinolfi, Wilson K",Database Administrator,4.6,36,60,gryan1v@biblegateway.com,1,0,English,Male,Yes,Yes,No,Yes
U723648898468,"Alagbe,Trina",Database Administrator,4.6,31,60,dlee1w@indiegogo.com,1,1,Tamil,Female,Yes,Yes,Yes,Yes
U331441650152,"Anderson, Carol",Database Administrator,4.5,34,60,eharvey1x@unesco.org,2,0,Tamil,Female,Yes,Yes,No,Yes
U243675036630,"Anderson, Linda",Database Administrator,4.3,28,60,daustin1y@mit.edu,2,1,Tamil,Female,Yes,No,No,Yes
U571799393514,"Athwal, Sam",Database Administrator,3.8,34,60,tschmidt1z@slashdot.org,2,1,Tamil,Female,Yes,Yes,No,Yes
U112008610587,"Bachiochi, Linda",Database Administrator,3.3,23,60,rwoods20@yandex.ru,2,1,Tamil,Female,Yes,Yes,No,Yes
U990907333148,"Baczenski, Rachael",Database Administrator,5,38,60,dallen21@rakuten.co.jp,0,1,Tamil,Male,Yes,Yes,No,Yes
U380504574179,"Barbara, Thomas",Database Administrator,4.2,33,60,nharrison22@hatena.ne.jp,0,0,Tamil,Female,Yes,Yes,No,Yes
U756801333408,"Barone, Francesco A",Database Administrator,2,19,60,gday23@gravatar.com,1,0,Sinhala,Female,Yes,Yes,No,Yes
U324715691606,"Barton, Nader",Database Administrator,3.7,25,60,swest24@clickbank.net,1,1,Sinhala,Female,No,Yes,No,Yes
U162953930539,"Beatrice, Courtney",Database Administrator,4.1,31,60,mshaw25@dropbox.com,0,1,Sinhala,Female,No,Yes,No,Yes
U826581172489,"Becker, Scott",Database Administrator,4,32,60,gharvey26@behance.net,1,1,Sinhala,Female,No,Yes,No,Yes
U696129529937,"Bernstein, Sean",Database Administrator,2.9,28,60,bthompson27@arstechnica.com,1,1,Sinhala,Female,No,Yes,No,Yes
U449080763038,"Biden, Lowan M",Database Administrator,4.6,38,80,sowens28@people.com.cn,2,1,Sinhala,Male,No,Yes,No,No
U546656220505,"Billis, Helen",Nurse,3.7,23,80,kfrazier29@dailymotion.com,1,1,Sinhala,Female,No,Yes,No,No
U494380629968,"Brill, Donna",Nurse,3.8,30,80,jmurphy2a@tamu.edu,0,0,Sinhala,Female,No,Yes,No,No
U756305203853,"Bugali, Josephine",Nurse,4.2,27,80,jwood2b@oakley.com,1,1,Sinhala,Female,No,Yes,No,No
U472828975446,"Carey, Michael",Nurse,2.7,33,80,bgonzalez2c@angelfire.com,1,0,Sinhala,Female,Yes,Yes,No,No
U718220539972,"Chace, Beatrice",Nurse,2.6,31,80,rharrison2d@miibeian.gov.cn,0,0,Sinhala,Male,Yes,Yes,No,No
U582941734801,"Chan, Lin",Nurse,3.7,39,80,shawkins2e@chicagotribune.com,0,1,Sinhala,Female,Yes,Yes,No,No
U673669321306,"Chang, Donovan E",Lecturer,4.5,34,80,ageorge2f@mapquest.com,0,1,Sinhala,Female,Yes,Yes,No,No
U695093364298,"Chivukula, Enola",Lecturer,3.7,29,80,tryan2g@google.ca,1,0,Sinhala,Female,Yes,Yes,No,No
U682369716110,"Cierpiszewski, Caroline",Lecturer,3.4,32,80,apowell2h@ucsd.edu,1,0,Sinhala,Female,No,Yes,Yes,No
U500816742729,"Clukey, Elijian",Lecturer,3.8,31,80,cfields2i@wisc.edu,2,1,Sinhala,Female,No,Yes,Yes,No
U852106661576,"Cockel, James",Lecturer,4.1,40,80,rwheeler2j@nydailynews.com,1,1,Sinhala,Female,No,Yes,Yes,No
U188433264191,"Cole, Spencer",Lecturer,2.9,34,80,msanchez2k@berkeley.edu,0,1,Sinhala,Female,No,Yes,Yes,No
U617360420720,"Cornett, Lisa",Lecturer,3.9,18,80,nhughes2l@disqus.com,1,0,Sinhala,Female,No,Yes,Yes,No
U809280835581,"Crimmings, Jean",Lecturer,4.9,25,80,hblack2m@oracle.com,1,0,Sinhala,Female,No,Yes,Yes,No
U235458117401,"Darson, Jene'ya",Lecturer,4.3,29,80,wtorres2n@ucoz.com,1,1,Sinhala,Female,No,Yes,Yes,No
U240631543281,"DeGweck, James",Lecturer,3.4,24,80,rhunt2o@unesco.org,1,0,Sinhala,Male,No,Yes,Yes,No
U388468717558,"Desimone, Carl",Lecturer,3.5,31,80,smills2p@wikispaces.com,2,1,Sinhala,Female,No,Yes,No,No
U698095576104,"Dickinson, Geoff",Lecturer,2.4,33,80,btaylor2q@mozilla.com,2,1,Sinhala,Female,No,Yes,No,No
U121416810019,"DiNocco, Lily",Lecturer,4.3,30,80,jgordon2r@msu.edu,1,1,Sinhala,Female,No,Yes,No,No
U288167660998,"Dobrin, Denisa S",Lecturer,4.1,26,75,twood2s@storify.com,2,1,Sinhala,Male,No,Yes,No,No
U974282221169,"Eaton, Marianne",Teacher,3.3,44,75,lgilbert2t@jugem.jp,1,1,Sinhala,Female,No,Yes,No,No
U276355700662,"Engdahl, Jean",Teacher,2,25,75,mgraham2u@smh.com.au,1,0,Sinhala,Female,No,Yes,No,No
U711454834013,"England, Rex",Teacher,4.8,33,75,jhenry2v@indiatimes.com,2,1,Sinhala,Female,No,Yes,No,Yes
U958629697827,"Estremera, Miguel",Teacher,4.9,29,75,wchavez2w@tiny.cc,1,1,Sinhala,Female,No,Yes,No,Yes
U689395700073,"Evensen, April",Teacher,2.5,35,75,jtucker2x@merriam-webster.com,0,0,Sinhala,Female,No,Yes,No,Yes
U177005270678,"Ferguson, Susan",Teacher,2.9,35,75,dflores2y@meetup.com,1,1,Sinhala,Female,No,Yes,No,Yes
U139309789849,"Fernandes, Nilson",Teacher,4.6,28,75,wthompson2z@goo.gl,0,0,Sinhala,Male,No,Yes,No,Yes
U699982563962,"Ferreira, Violeta",Teacher,3.8,34,75,nlong30@addthis.com,1,0,Sinhala,Female,No,No,No,Yes
U333170180485,"Fidelia, Libby",Teacher,3.1,32,75,rbarnes31@whitehouse.gov,2,0,Sinhala,Female,No,No,No,Yes
U540430751463,"Garcia, Raul",Teacher,4.7,22,75,jmason32@pbs.org,1,0,Sinhala,Female,No,No,No,Yes
U916385781702,"Garneau, Hamish",Teacher,2.8,28,85,mfox33@mail.ru,1,1,Sinhala,Female,No,No,No,No
U602183201430,"Gaul, Barbara",Tech Lead,4.5,45,85,jandrews34@dot.gov,2,0,Sinhala,Female,No,No,No,No
U248364155090,"Gentry, Mildred",Tech Lead,2.1,32,85,hnguyen35@domainmarket.com,0,1,Sinhala,Female,No,No,No,No
U961121310756,"Gerke, Melisa",Tech Lead,2,28,85,rmorgan36@netvibes.com,0,1,Sinhala,Female,No,No,No,No
U611758943612,"Gilles, Alex",Tech Lead,4.5,26,85,celliott37@topsy.com,1,0,Sinhala,No,No,No,No,No
U766395900584,"Girifalco, Evelyn",Tech Lead,4,21,85,swheeler38@nature.com,0,1,Sinhala,No,No,No,Yes,No
U641391632359,"Gold, Shenice",Tech Lead,4.5,27,85,jsimpson39@odnoklassniki.ru,0,1,Sinhala,No,No,No,Yes,No
U822977068479,"Gonzalez, Cayo",Tech Lead,2.1,18,85,aortiz3a@google.co.uk,0,0,Sinhala,Male,Yes,Yes,Yes,Yes
U445524281462,"Gordon, David",Tech Lead,4.4,35,85,jmedina3b@tamu.edu,0,0,Sinhala,No,No,No,Yes,No
U757417088115,"Goyal, Roxana",Tech Lead,4.2,29,85,lpalmer3c@samsung.com,1,0,Sinhala,No,No,No,Yes,No
U562725885101,"Gross, Paula",Tech Lead,3.5,25,98,dreed3d@delicious.com,0,1,Sinhala,Male,No,No,Yes,No
U636734282399,"Handschiegl, Joanne",Doctor,4.5,33,98,mboyd3e@nydailynews.com,1,0,Sinhala,No,No,No,Yes,No
U718564222680,"Harrell, Ludwick",Doctor,2.1,36,98,jfields3f@smugmug.com,1,0,Sinhala,No,No,No,Yes,No
U545711584046,"Harrington, Christie",Doctor,3.2,36,98,jryan3g@blogtalkradio.com,0,0,Sinhala,No,No,No,Yes,No
U545798805113,"Harrison, Kara",Doctor,4.1,36,98,jfernandez3h@npr.org,1,0,Sinhala,Female,No,No,Yes,No
U692923140010,"Heitzman, Anthony",Doctor,4.4,38,98,rgriffin3i@abc.net.au,1,1,Sinhala,No,No,No,Yes,No
U845173098380,"Ivey, Rose",Doctor,4.6,40,98,lmarshall3j@qq.com,2,0,Sinhala,No,Yes,Yes,Yes,Yes
U950973465558,"Jackson, Maryellen",Doctor,4.2,55,98,gmiller3k@marriott.com,1,0,Sinhala,No,Yes,Yes,No,Yes
U788058261142,"Jacobi, Hannah",Doctor,3,55,98,jbrooks3l@cyberchimps.com,1,0,Sinhala,No,Yes,Yes,No,Yes
U893479273766,"Jhaveri, Sneha",Doctor,2.6,53,98,chamilton3m@cafepress.com,0,0,Sinhala,Female,No,No,No,Yes
U177318021629,"Johnson, George",Doctor,2.6,60,95,mmitchell3n@dailymail.co.uk,1,0,Sinhala,No,Yes,Yes,Yes,Yes
U966898908142,"Jung, Judy",Lawyer,2.2,34,95,msmith3o@mtv.com,1,1,Sinhala,No,No,No,No,Yes
U513669193280,"Keatts, Kramer",Lawyer,3.8,36,95,hshaw3p@mysql.com,0,1,Sinhala,No,No,No,No,Yes
U758244916094,"Kinsella, Kathleen",Lawyer,3,37,95,aharrison3q@hao123.com,2,0,Sinhala,No,No,No,No,Yes
U482038293361,"Kirill, Alexandra",Lawyer,2.3,39,95,btucker3r@w3.org,1,0,Sinhala,No,No,No,Yes,Yes
U148234235883,"Knapp, Bradley J",Lawyer,2.2,30,95,cgomez3s@cmu.edu,0,0,Sinhala,No,No,No,Yes,Yes
U799477014744,"Kretschmer, John",Lawyer,4.1,39,103,amorrison3t@amazon.com,2,1,Sinhala,Female,No,No,Yes,Yes
U567131364425,"Langton, Enrico",Professor,2.5,55,103,hhunter3u@livejournal.com,1,1,Sinhala,No,No,No,Yes,Yes
U134616834805,"Leach, Dallas",Professor,3.4,58,103,kharper3v@hhs.gov,1,1,Sinhala,No,No,No,Yes,Yes
U747871704534,"LeBel, Jonathan R",Professor,2.3,50,103,lfoster3w@cloudflare.com,1,0,Sinhala,No,No,No,Yes,Yes
U615531154189,"Linares, Marilyn",Professor,4,53,103,awatson3x@timesonline.co.uk,1,1,Sinhala,No,No,No,Yes,No
U479913752237,"Lydon, Allison",Professor,4.4,58,103,cburton3y@miibeian.gov.cn,1,0,Sinhala,No,No,No,Yes,No
U506653094499,"Lynch, Lindsay",Professor,3.4,60,103,dwalker3z@nymag.com,1,0,Sinhala,Male,Yes,Yes,Yes,Yes
U551490263141,"MacLennan, Samuel",Professor,2.2,66,105,cchapman40@usa.gov,1,0,Sinhala,Female,No,Yes,Yes,No
U891593883968,"Mahoney, Lauren",CEO,2.1,45,105,lhart41@spotify.com,1,1,Sinhala,No,No,Yes,Yes,No
U722854470906,"Mangal, Debbie",CEO,4.6,55,105,jsanchez42@naver.com,1,0,Sinhala,No,No,Yes,Yes,No
U831646146061,"Maurice, Shana",CEO,3.9,57,105,mfox43@elegantthemes.com,1,0,Sinhala,No,No,Yes,Yes,No
U264532244731,"Mckenna, Sandy",CEO,3,58,105,dstone44@cloudflare.com,2,1,Sinhala,No,No,Yes,Yes,No
U996005571986,"Meads, Elizabeth",CEO,3.6,43,105,chowell45@networksolutions.com,0,1,Sinhala,Female,No,Yes,Yes,Yes
U531217838768,"Medeiros, Jennifer",CEO,4.7,45,105,mmoore46@tinypic.com,1,1,Sinhala,No,No,Yes,Yes,Yes
U837362788927,"Motlagh, Dawn",CEO,3.4,55,105,wjohnston47@is.gd,1,0,Sinhala,No,No,Yes,Yes,Yes
U497943353849,"Ndzi, Colombui",CEO,4.1,57,105,jknight48@usatoday.com,0,1,Sinhala,No,No,Yes,Yes,Yes
U423109865350,"Ndzi, Horia",CEO,4.6,58,105,rwatson49@liveinternet.ru,1,0,Sinhala,No,No,Yes,Yes,Yes
U853075147010,"Newman, Richard",CIO,4.7,58,105,jford4a@admin.ch,1,0,Sinhala,No,No,Yes,No,Yes
U636210146801,"Ngodup, Shari",CIO,4.1,59,105,mellis4b@arizona.edu,0,0,Sinhala,No,No,Yes,No,Yes
U898141810035,"Nguyen, Lei-Ming",CIO,3.4,59,105,scooper4c@blinklist.com,2,1,Sinhala,No,No,Yes,No,Yes
U122556746033,"O'hare, Lynn",CIO,3.5,60,105,csims4d@amazon.com,1,1,Sinhala,Female,No,Yes,No,Yes
U256722867037,"Osturnka, Adeel",CIO,2.4,60,105,jvasquez4e@mashable.com,1,1,Sinhala,No,No,Yes,No,Yes
U835755980540,"Owad, Clinton",CIO,4.5,54,105,bwilliamson4f@prnewswire.com,0,1,Sinhala,No,No,Yes,No,Yes
U988555960238,"Panjwani, Nina",CIO,2.4,54,105,jmorrison4g@state.gov,2,1,Sinhala,No,No,Yes,No,Yes
U132585946538,"Pelech, Emil",CIO,2.5,53,105,twatkins4h@spiegel.de,1,0,Sinhala,No,No,Yes,No,Yes
U589504979417,"Perry, Shakira",CIO,3,53,105,ksimmons4i@jiathis.com,0,1,Sinhala,Female,No,Yes,No,Yes
U661977735648,"Peterson, Kayla",CIO,2.5,52,100,mchavez4j@github.com,0,1,Sinhala,No,No,Yes,No,Yes
U460839390548,"Pham, Hong",Senior Lecturer,4.8,35,100,treed4k@wiley.com,1,1,Sinhala,No,No,Yes,No,Yes
U463524983545,"Pitt, Brad",Senior Lecturer,2.1,35,100,jpayne4l@mysql.com,1,1,Sinhala,No,No,Yes,No,Yes
U869440720837,"Power, Morissa",Senior Lecturer,4,34,100,ccarroll4m@marketwatch.com,1,1,Sinhala,No,No,Yes,No,Yes
U752124856906,"Punjabhi, Louis",Senior Lecturer,4.3,42,100,arussell4n@psu.edu,1,0,Sinhala,No,No,Yes,No,Yes
U561752680480,"Purinton, Janine",Senior Lecturer,2.8,37,100,jhamilton4o@domainmarket.com,1,1,Sinhala,No,Yes,Yes,Yes,Yes
U995761493400,"Rarrick, Quinn",Senior Lecturer,4.4,37,100,fkelly4p@skype.com,1,1,Sinhala,No,No,Yes,No,No
U581104185669,"Rhoads, Thomas",Senior Lecturer,4,35,100,jlawson4q@tamu.edu,1,1,Sinhala,No,No,Yes,No,No
U498449135298,"Rivera, Haley",Senior Lecturer,2.3,35,97,fknight4r@disqus.com,2,1,Sinhala,No,No,Yes,No,No
U366473517121,"Robinson, Alain",Senior Lead,2.4,39,97,jcoleman4s@google.de,1,1,Sinhala,Female,No,Yes,No,No
U263805105443,"Robinson, Cherly",Senior Lead,3.5,40,97,jking4t@theglobeandmail.com,0,1,Sinhala,No,No,Yes,No,No
U541439143246,"Robinson, Elias",Senior Lead,4.2,34,97,jrivera4u@deviantart.com,1,1,Sinhala,No,No,Yes,No,No
U883048350775,"Rose, Ashley",Senior Lead,2.2,31,97,plawson4v@storify.com,2,1,Sinhala,No,No,Yes,No,No
U980674629235,"Rossetti, Bruno",Senior Lead,4.9,44,97,ccoleman4w@dailymail.co.uk,0,1,Sinhala,Female,No,Yes,No,No
U713208062916,"Saar-Beckles, Melinda",Senior Lead,4.2,44,97,erivera4x@nydailynews.com,0,1,Sinhala,No,Yes,Yes,Yes,Yes
U860899703545,"Sadki, Nore",Senior Lead,2.6,45,97,sgonzalez4y@disqus.com,1,1,Sinhala,No,No,Yes,No,No
U903159867252,"Sander, Kamrin",Senior Lead,4.4,41,97,bmiller4z@bluehost.com,1,1,Sinhala,Female,No,Yes,No,No
U222196405079,"Sewkumar, Nori",Senior Lead,3.8,42,92,sgomez50@last.fm,2,1,Sinhala,No,No,Yes,No,No
U222961444956,"Shields, Seffi",Senior Accountant,4.5,43,92,dsimpson51@google.co.uk,0,0,Sinhala,No,No,Yes,No,No
U428196173274,"Smith, Sade",Senior Accountant,2.1,40,92,sschmidt52@storify.com,2,0,Sinhala,Male,No,Yes,No,No
U897679097439,"Sparks, Taylor",Senior Accountant,4.3,55,92,blarson53@va.gov,0,1,Sinhala,No,Yes,Yes,Yes,Yes
U893915680443,"Squatrito, Kristen",Senior Accountant,3.9,52,92,dmyers54@ucoz.ru,2,1,Sinhala,No,Yes,Yes,Yes,Yes
U523885504126,"Stanford,Barbara M",Senior Accountant,3.3,53,92,dstevens55@cisco.com,2,1,Sinhala,No,No,Yes,No,No
U787857903353,"Stoica, Rick",Senior Accountant,4.1,50,92,kgutierrez56@yahoo.com,2,1,Sinhala,No,No,Yes,No,No
U101083241296,"Sullivan, Timothy",Senior Accountant,3.8,39,92,bfernandez57@marketwatch.com,1,1,Sinhala,Male,No,Yes,No,No
U999063350134,"Sutwell, Barbara",Senior Accountant,4.2,40,92,jperez58@house.gov,1,1,Sinhala,No,No,Yes,No,No
U159911594724,"Tavares, Desiree",Senior Accountant,4.9,40,95,tshaw59@hud.gov,1,1,Sinhala,No,No,Yes,No,No
U959534919713,"Theamstern, Sophia",IT Director,4.1,38,95,cbradley5a@cnet.com,0,0,Sinhala,No,Yes,Yes,No,Yes
U393653191309,"Tinto, Theresa",IT Director,2.8,38,95,mpatterson5b@stanford.edu,2,1,Sinhala,No,Yes,Yes,No,Yes
U934255046392,"Tippett, Jeanette",IT Director,2.2,38,95,jryan5c@imgur.com,2,1,Sinhala,No,Yes,Yes,No,Yes
U608836071971,"Trang, Mei",IT Director,4.5,35,95,kcoleman5d@freewebs.com,1,1,Sinhala,Male,No,Yes,No,No
U456717894957,"Veera, Abdellah",IT Director,2.9,40,95,pgibson5e@bigcartel.com,1,1,Sinhala,No,No,Yes,No,No
U954455131946,"Volk, Colleen",IT Director,3.5,40,95,bfields5f@histats.com,1,1,Sinhala,No,No,Yes,No,No
U653475190640,"Von Massenbach, Anna",IT Director,3.7,35,91,acarroll5g@plala.or.jp,1,1,Sinhala,No,Yes,Yes,Yes,Yes
U968263628448,"Wallace, Theresa",Manager,3.6,26,91,jnelson5h@wiley.com,2,1,Sinhala,No,No,Yes,No,No
U234512741421,"Whittier, Scott",Manager,4.5,27,91,mwatkins5i@webs.com,0,1,Sinhala,Male,No,Yes,No,No
U306198434575,"Wilber, Barry",Manager,2.1,28,91,dwilliams5j@bing.com,2,1,Sinhala,No,No,Yes,No,No
U125207171960,"Williams, Jacquelyn",Manager,2.3,27,91,sramos5k@phpbb.com,1,1,Sinhala,No,No,Yes,No,No
U684360541150,"Ybarra, Catherine",Manager,2.1,34,91,jrichards5l@github.io,2,1,Sinhala,No,No,Yes,No,No
U766222100643,"Zima, Colleen",Manager,2.1,41,91,ffisher5m@rediff.com,0,1,Sinhala,Male,No,Yes,No,No
U682185758419,"Akinkuolie, Sarah",Manager,2.3,37,91,emason5n@jimdo.com,1,1,Sinhala,No,No,Yes,No,No
U715340004046,"Beak, Kimberly",Manager,3.8,34,91,ajames5o@paypal.com,1,0,Sinhala,No,No,Yes,No,No
U469087773670,"Blount, Dianna",Manager,2.5,32,25,cberry5p@oaic.gov.au,0,1,Sinhala,No,No,Yes,No,No
U120644467590,"Bondwell, Betsy",Driver,4,21,25,cmurray5q@scribd.com,1,1,Sinhala,No,No,Yes,No,No
U206641316826,"Buccheri, Joseph",Driver,2.2,30,25,pschmidt5r@scientificamerican.com,1,0,Sinhala,No,No,Yes,No,No
U923917288087,"Burke, Joelle",Driver,4.7,24,25,hwillis5s@state.tx.us,0,1,Sinhala,Male,No,Yes,No,No
U662872602474,"Burkett, Benjamin",Driver,4.2,26,25,abrooks5t@dedecms.com,1,1,Sinhala,No,No,Yes,No,No
U255706259320,"Cloninger, Jennifer",Driver,3.7,40,25,dmorgan5u@free.fr,2,1,Sinhala,No,Yes,Yes,Yes,Yes
U482558860292,"Close, Phil",Driver,4.6,37,25,cbowman5v@amazon.com,1,1,Sinhala,No,No,Yes,No,No
U402108065102,"Davis, Daniel",Driver,4.1,26,25,ekennedy5w@4shared.com,2,1,Sinhala,No,No,Yes,No,No
U330217917291,"Demita, Carla",Driver,2.1,32,20,hmurray5x@irs.gov,2,0,Sinhala,No,Yes,Yes,Yes,No
U439973743626,"Erilus, Angela",Body Guard,2.5,32,20,chamilton5y@opera.com,2,1,Sinhala,No,No,Yes,No,No
U587385301254,"Faller, Megan",Body Guard,4.5,27,20,rmitchell5z@ebay.co.uk,1,0,Sinhala,No,Yes,Yes,Yes,Yes
U979785217025,"Fancett, Nicole",Body Guard,3.1,30,20,jwallace60@samsung.com,1,0,Sinhala,No,Yes,Yes,Yes,Yes
U655680455834,"Fitzpatrick, Michael J",Body Guard,3.6,31,20,rwilson61@fc2.com,0,1,Sinhala,Male,No,Yes,No,No
U698622267226,"Foreman, Tanya",Body Guard,2.5,29,20,dolson62@reuters.com,2,1,Sinhala,No,No,Yes,No,No
U386466565856,"Gonzalez, Juan",Body Guard,2.8,41,20,swillis63@ted.com,1,1,Sinhala,No,No,Yes,No,No
U213088451166,"Good, Susan",Body Guard,4.7,34,20,aoliver64@goo.gl,1,0,Sinhala,No,No,Yes,No,No
U938093883547,"Gosciminski, Phylicia",Body Guard,2.5,33,17,mfranklin65@squarespace.com,2,1,Sinhala,No,Yes,Yes,Yes,Yes
U431968657651,"Hankard, Earnest",Security Officer,4.4,28,17,dmoore66@opensource.org,2,1,Sinhala,No,No,Yes,No,No
U388816072102,"Hendrickson, Trina",Security Officer,4.8,28,17,swhite67@fc2.com,2,0,Sinhala,Male,No,Yes,No,No
U886614370154,"Homberger, Adrienne J",Security Officer,4.8,23,17,rramos68@scribd.com,1,1,Sinhala,No,No,Yes,No,No
U630431930796,"Hunts, Julissa",Security Officer,3.6,24,17,cdaniels69@foxnews.com,2,1,Sinhala,No,No,Yes,No,No
U894154518629,"Hutter, Rosalie",Security Officer,3.6,32,17,rryan6a@yolasite.com,1,1,Sinhala,No,Yes,Yes,Yes,Yes
U538923537380,"Huynh, Ming",Security Officer,2.8,34,17,mthompson6b@oracle.com,1,1,Sinhala,No,No,Yes,No,No
U973545586229,"Jeannite, Tayana",Security Officer,4.7,24,17,elee6c@theguardian.com,0,1,Sinhala,No,No,Yes,No,No
U853791878765,"Johnston, Yen",Security Officer,4.6,26,15,cpierce6d@i2i.jp,2,1,Sinhala,No,No,Yes,No,No
U139838814956,"Langford, Lindsey",Clerical Staff,4.5,36,15,jlawrence6e@pcworld.com,1,1,Sinhala,No,No,Yes,No,No
U227695438405,"Latif, Mohammed",Clerical Staff,4.8,41,15,loliver6f@jugem.jp,0,1,Sinhala,No,No,Yes,No,No
U964774208293,"Linden, Mathew",Clerical Staff,3.7,38,15,kcruz6g@state.tx.us,1,1,Sinhala,No,No,Yes,No,No
U171236789519,"Lundy, Susan",Clerical Staff,2.4,38,15,bstone6h@opera.com,2,1,Sinhala,No,No,Yes,No,No
U560608082373,"Lunquist, Lisa",Clerical Staff,4.4,30,15,dkelley6i@discuz.net,0,1,Sinhala,Male,No,Yes,No,No
U784912396139,"Manchester, Robyn",Clerical Staff,3.9,25,15,cbrown6j@google.ca,1,1,Sinhala,No,No,Yes,No,No
U855999500765,"Mancuso, Karen",Clerical Staff,2.8,37,15,bsanchez6k@umn.edu,1,1,Sinhala,No,Yes,Yes,Yes,Yes
U685511242983,"McCarthy, Brigit",Clerical Staff,3.5,34,15,kcox6l@yahoo.com,1,1,Sinhala,No,Yes,Yes,Yes,Yes
U624850737579,"Miller, Ned",Clerical Staff,3.1,37,5,pfreeman6m@gov.uk,0,1,Sinhala,No,Yes,Yes,Yes,Yes
U637006626721,"Langford, Lindsey",Clerical Staff,4.5,36,15,jlawrence6e@pcworld.com,1,1,Sinhala,No,Yes,Yes,Yes,Yes
U297804739075,"Latif, Mohammed",Senior HR,4.8,32,63,loliver6f@jugem.jp,0,1,Sinhala,No,Yes,Yes,Yes,Yes
U254679865342,"Linden, Mathew",Senior HR,3.7,30,63,kcruz6g@state.tx.us,1,1,Sinhala,No,No,Yes,No,No
U256407689791,"Lundy, Susan",Senior HR,2.4,29,63,bstone6h@opera.com,2,1,Sinhala,No,No,Yes,No,No
U863506335186,"Lunquist, Lisa",Senior HR,4.4,30,63,dkelley6i@discuz.net,0,1,Sinhala,Male,No,Yes,No,No
U193445674230,"Manchester, Robyn",Senior HR,3.9,34,63,cbrown6j@google.ca,1,1,Sinhala,No,No,Yes,No,No
U788179422515,"Mancuso, Karen",Senior HR,2.8,34,63,bsanchez6k@umn.edu,1,1,Sinhala,No,No,Yes,No,No
U754683170835,"McCarthy, Brigit",Senior HR,3.5,34,63,kcox6l@yahoo.com,1,1,Sinhala,No,No,Yes,No,No
U746909117273,"Miller, Ned",Senior HR,3.1,33,63,pfreeman6m@gov.uk,0,1,Sinhala,No,No,Yes,No,No
U183347029293,,,,,,,,,,,,,,
U902527402941,,,,,,,,,,,,,,
