UID,Full_Name,Profession,Rating,Age,Profession_Category,Email,"Comfortability_Level(Super Luxury-2, Luxury-1, Average-0)",Gender,Gender_Preference,Language_Spoken,Smoking,Music_Lover,Motion_Sickness,Like_Quietness
193101,"Brown, Mia",Clerk,3.2,37,25,ashaw0@nationalgeographic.com,0,1,No,Sinhala,No,Yes,No,No
234199,"LaRotonda, William",Driver,2.3,44,20,ecarpenter1@constantcontact.com,1,1,No,Sinhala,No,Yes,No,No
231027,"Steans, Tyrone",Body Guard,4.3,32,17,asanchez2@ask.com,1,0,No,Sinhala,No,Yes,No,No
130079,"Howard, Estelle",Security Officer,2.1,31,15,jparker3@accuweather.com,2,1,No,Sinhala,No,Yes,No,No
181850,"Singh, Nan",Clerk,2.6,31,20,rhenderson4@mediafire.com,1,0,No,Sinhala,No,Yes,No,No
112137,"Smith, Leigh Ann",Body Guard,3.9,33,17,ihill5@ucla.edu,1,1,No,Sinhala,No,Yes,No,No
215321,"LeBlanc, Brandon R",Security Officer,4.9,35,15,jpeters6@slideshare.net,0,0,No,Sinhala,No,Yes,No,No
287964,"Quinn, Sean",Clerk,3.8,39,25,lbanks7@nih.gov,1,1,No,Sinhala,No,Yes,No,No
202157,"Boutwell, Bonalyn",Driver,5,42,25,ataylor8@huffingtonpost.com,1,1,No,Sinhala,No,Yes,No,No
297293,"Foster-Baker, Amy",Driver,3.6,23,25,mrichardson9@jugem.jp,1,1,No,Sinhala,No,Yes,No,No
208467,"King, Janet",Driver,2.2,31,25,ffishera@rediff.com,1,1,No,Sinhala,No,Yes,No,No
269070,"Zamora, Jennifer",Driver,4,29,15,ccoleb@go.com,1,0,No,Sinhala,No,Yes,No,Yes
132317,"Becker, Renee",Clerk,2.1,42,20,jpaynec@bloglovin.com,2,1,No,Sinhala,No,Yes,No,Yes
283823,"Goble, Taisha",Body Guard,4.3,36,15,dwoodsd@canalblog.com,0,1,No,Sinhala,No,Yes,Yes,Yes
166569,"Hernandez, Daniff",Clerk,3.6,27,20,glawsone@yolasite.com,1,0,No,Sinhala,No,No,Yes,No
271477,"Horton, Jayne",Body Guard,3.2,29,15,kpaynef@mit.edu,0,0,Male,Sinhala,No,No,Yes,No
137355,"Johnson, Noelle",Clerk,3.5,23,32,smillerg@foxnews.com,1,0,Male,Sinhala,No,No,Yes,No
229721,"Murray, Thomas",intern,4.2,22,32,kevansh@huffingtonpost.com,2,0,Male,Sinhala,No,No,Yes,No
174192,"Pearson, Randall",intern,4.9,24,32,kmendozai@w3.org,2,1,Male,Sinhala,No,No,Yes,No
100524,"Petrowsky, Thelma",intern,2.6,23,32,slarsonj@amazon.com,2,0,Male,Sinhala,No,Yes,Yes,No
294906,"Roby, Lori",intern,2.7,22,32,rrobertsk@phoca.cz,1,1,Male,Sinhala,No,Yes,No,No
133562,"Rogers, Ivan",intern,4.7,22,32,mholmesl@ovh.net,2,1,Male,Sinhala,No,Yes,No,No
137302,"Salter, Jason",intern,4.8,25,32,mortizm@foxnews.com,1,1,Female,Sinhala,No,Yes,No,No
242879,"Simard, Kramer",intern,4.9,22,32,dwalkern@mayoclinic.com,2,1,Male,Sinhala,No,Yes,No,No
162021,"Zhou, Julia",intern,2.2,23,42,dhendersono@reddit.com,2,1,Male,Sinhala,No,Yes,No,No
142296,"Foss, Jason",Administrative Assistant,4.6,35,42,ewillisp@bbc.co.uk,1,0,Male,Sinhala,No,Yes,No,No
133318,"Roup,Simon",Administrative Assistant,4.9,33,42,smorrisonq@dailymail.co.uk,0,1,No,Sinhala,No,Yes,No,No
153646,"Ruiz, Ricardo",Administrative Assistant,2.7,35,42,jturnerr@weebly.com,0,1,No,Sinhala,No,Yes,No,Yes
297156,"Monroe, Peter",Administrative Assistant,2.1,34,42,dknights@nytimes.com,1,0,No,Sinhala,No,Yes,No,Yes
168803,"Dougall, Eric",Administrative Assistant,3.6,37,42,wpalmert@youtube.com,2,1,No,Sinhala,No,Yes,No,Yes
142296,"Foss, Jason",Administrative Assistant,4.6,35,32,ewillisp@bbc.co.uk,1,0,Male,Sinhala,No,Yes,No,No
133318,"Roup,Simon",Administrative Assistant,4.9,33,32,smorrisonq@dailymail.co.uk,0,1,No,Sinhala,No,Yes,No,No
153646,"Ruiz, Ricardo",Administrative Assistant,2.7,35,35,jturnerr@weebly.com,0,1,No,Sinhala,No,Yes,No,Yes
297156,"Monroe, Peter",Administrative Assistant,2.1,34,37,dknights@nytimes.com,1,0,No,Sinhala,No,Yes,No,Yes
168803,"Dougall, Eric",Administrative Assistant,3.6,37,31,wpalmert@youtube.com,2,1,No,Sinhala,Yes,Yes,No,Yes
119554,"Cisco, Anthony",Bank Assistant,2.9,27,38,kdixonz@census.gov,2,0,Female,Sinhala,Yes,Yes,No,Yes
152260,"Dolan, Linda",Bank Assistant,2.7,29,38,hrose10@addthis.com,1,0,Female,Sinhala,Yes,Yes,No,Yes
233246,"Gonzalez, Maria",Bank Assistant,4.6,38,38,mandrews11@gnu.org,1,1,Female,Sinhala,No,Yes,No,No
101029,"Merlos, Carlos",Bank Assistant,3.4,50,38,cmeyer12@si.edu,1,0,Female,Sinhala,No,Yes,No,No
101077,"Morway, Tanya",Bank Assistant,2.9,35,40,rlee13@aol.com,1,0,No,Sinhala,No,Yes,No,No
253522,"Shepard, Anita",IT Support,3.4,24,40,cpierce14@ucsd.edu,0,0,No,Sinhala,No,Yes,No,No
271071,"Tredinnick, Neville",IT Support,3.7,35,40,jwright15@craigslist.org,1,1,No,Sinhala,No,Yes,No,No
222732,"Turpin, Jumil",IT Support,2.3,27,40,tpierce16@independent.co.uk,2,1,No,English,No,Yes,No,No
210635,"Ait Sidi, Karthikeyan",IT Support,2.9,18,40,greyes17@rediff.com,0,0,No,Sinhala,No,Yes,No,No
104181,"Carr, Claudia N",IT Support,3,30,40,dlewis18@netvibes.com,1,1,No,Sinhala,No,Yes,No,Yes
222092,"Favis, Donald",IT Support,4.8,38,40,jlawson19@auda.org.au,1,1,No,Sinhala,No,Yes,Yes,Yes
212970,"Roehrich, Bianca",IT Support,3.8,28,35,smontgomery1a@webs.com,0,1,No,Sinhala,No,Yes,Yes,No
197773,"Daniele, Ann",Cashier,3.6,34,35,dsims1b@reddit.com,2,1,No,Sinhala,No,Yes,Yes,No
289389,"Lajiri, Jyoti",Cashier,4.2,26,35,dgardner1c@unblog.fr,1,0,No,Sinhala,No,Yes,Yes,No
292527,"Semizoglou, Jeremiah",Cashier,3.3,30,35,sellis1d@histats.com,1,0,No,Sinhala,No,Yes,Yes,No
112440,"South, Joe",Cashier,5,22,35,pperkins1e@hubpages.com,2,0,No,Sinhala,No,Yes,Yes,No
238533,"Warfield, Sarah",Cashier,4.3,33,35,dfox1f@umn.edu,1,1,No,Sinhala,No,Yes,Yes,No
117838,"Bramante, Elisa",Cashier,4.9,31,35,aperkins1g@wikispaces.com,2,1,No,Sinhala,No,Yes,Yes,No
126649,"Albert, Michael",Clerks,2.8,32,35,pthompson1h@psu.edu,1,0,No,Sinhala,No,Yes,Yes,No
151789,"Bozzi, Charles",Clerks,3.8,28,35,ptucker1i@wisc.edu,1,0,Female,Sinhala,No,Yes,Yes,No
148180,"Butler, Webster L",Clerks,4.6,27,35,ehughes1j@abc.net.au,1,1,Female,Sinhala,No,Yes,Yes,No
127170,"Dunn, Amy",Clerks,5,32,55,achapman1k@cmu.edu,0,1,Male,Sinhala,No,Yes,Yes,No
202137,"Gray, Elijiah",Network Engineer,3.8,24,55,vbennett1l@pagesperso-orange.fr,2,1,Female,Sinhala,No,Yes,Yes,No
141024,"Hogland, Jonathan",Network Engineer,4.8,33,55,jcruz1m@digg.com,2,1,Female,Sinhala,No,Yes,Yes,No
167966,"Immediato, Walter",Network Engineer,2.1,33,55,ehowell1n@usnews.com,1,0,Female,Sinhala,No,Yes,Yes,Yes
288355,"Liebig, Ketsia",Network Engineer,3.1,30,55,hreyes1o@wordpress.com,0,0,Female,Sinhala,No,Yes,Yes,Yes
242790,"Miller, Brannon",Network Engineer,2,32,55,lfox1p@sogou.com,1,1,Female,Sinhala,No,Yes,Yes,Yes
141024,"Hogland, Jonathan",Network Engineer,4.8,32,55,jcruz1m@digg.com,2,1,Female,Sinhala,No,Yes,Yes,No
167966,"Immediato, Walter",Network Engineer,2.1,33,55,ehowell1n@usnews.com,1,0,Female,Sinhala,No,Yes,Yes,Yes
288355,"Liebig, Ketsia",Network Engineer,3.1,44,55,hreyes1o@wordpress.com,0,0,Female,Sinhala,No,Yes,Yes,Yes
242790,"Miller, Brannon",Network Engineer,2,26,55,lfox1p@sogou.com,1,1,Female,Sinhala,No,Yes,Yes,Yes
242790,"Miller, Brannon",Project Manager,2,37,68,lfox1p@sogou.com,1,1,Female,Sinhala,No,Yes,Yes,Yes
216914,"Adinolfi, Wilson K",Database Administrator,4.6,36,60,gryan1v@biblegateway.com,1,0,Male,English,Yes,Yes,No,Yes
149171,"Alagbe,Trina",Database Administrator,4.6,31,60,dlee1w@indiegogo.com,1,1,Female,Tamil,Yes,Yes,No,Yes
241920,"Anderson, Carol",Database Administrator,4.5,34,60,eharvey1x@unesco.org,2,0,Female,Tamil,Yes,Yes,No,Yes
226467,"Anderson, Linda",Database Administrator,4.3,28,60,daustin1y@mit.edu,2,1,Female,Tamil,Yes,No,No,Yes
184570,"Athwal, Sam",Database Administrator,3.8,34,60,tschmidt1z@slashdot.org,2,1,Female,Tamil,Yes,Yes,No,Yes
195963,"Bachiochi, Linda",Database Administrator,3.3,23,60,rwoods20@yandex.ru,2,1,Female,Tamil,Yes,Yes,No,Yes
214639,"Baczenski, Rachael",Database Administrator,5,38,60,dallen21@rakuten.co.jp,0,1,Male,Tamil,Yes,Yes,No,Yes
269260,"Barbara, Thomas",Database Administrator,4.2,33,60,nharrison22@hatena.ne.jp,0,0,Female,Tamil,Yes,Yes,No,Yes
220408,"Barone, Francesco A",Database Administrator,2,19,60,gday23@gravatar.com,1,0,Female,Sinhala,Yes,Yes,No,Yes
243040,"Barton, Nader",Database Administrator,3.7,25,60,swest24@clickbank.net,1,1,Female,Sinhala,No,Yes,No,Yes
184333,"Beatrice, Courtney",Database Administrator,4.1,31,60,mshaw25@dropbox.com,0,1,Female,Sinhala,No,Yes,No,Yes
212057,"Becker, Scott",Database Administrator,4,32,60,gharvey26@behance.net,1,1,Female,Sinhala,No,Yes,No,Yes
116461,"Bernstein, Sean",Database Administrator,2.9,28,60,bthompson27@arstechnica.com,1,1,Female,Sinhala,No,Yes,No,Yes
146985,"Biden, Lowan M",Database Administrator,4.6,38,80,sowens28@people.com.cn,2,1,Male,Sinhala,No,Yes,No,No
168587,"Billis, Helen",Nurse,3.7,23,80,kfrazier29@dailymotion.com,1,1,Female,Sinhala,No,Yes,No,No
240615,"Brill, Donna",Nurse,3.8,30,80,jmurphy2a@tamu.edu,0,0,Female,Sinhala,No,Yes,No,No
134477,"Bugali, Josephine",Nurse,4.2,27,80,jwood2b@oakley.com,1,1,Female,Sinhala,No,Yes,No,No
224192,"Carey, Michael",Nurse,2.7,33,80,bgonzalez2c@angelfire.com,1,0,Female,Sinhala,Yes,Yes,No,No
210721,"Chace, Beatrice",Nurse,2.6,31,80,rharrison2d@miibeian.gov.cn,0,0,Male,Sinhala,Yes,Yes,No,No
245142,"Chan, Lin",Nurse,3.7,39,80,shawkins2e@chicagotribune.com,0,1,Female,Sinhala,Yes,Yes,No,No
159220,"Chang, Donovan E",Lecturer,4.5,34,80,ageorge2f@mapquest.com,0,1,Female,Sinhala,Yes,Yes,No,No
219448,"Chivukula, Enola",Lecturer,3.7,29,80,tryan2g@google.ca,1,0,Female,Sinhala,Yes,Yes,No,No
164256,"Cierpiszewski, Caroline",Lecturer,3.4,32,80,apowell2h@ucsd.edu,1,0,Female,Sinhala,No,Yes,Yes,No
250583,"Clukey, Elijian",Lecturer,3.8,31,80,cfields2i@wisc.edu,2,1,Female,Sinhala,No,Yes,Yes,No
225155,"Cockel, James",Lecturer,4.1,40,80,rwheeler2j@nydailynews.com,1,1,Female,Sinhala,No,Yes,Yes,No
201824,"Cole, Spencer",Lecturer,2.9,34,80,msanchez2k@berkeley.edu,0,1,Female,Sinhala,No,Yes,Yes,No
248220,"Cornett, Lisa",Lecturer,3.9,18,80,nhughes2l@disqus.com,1,0,Female,Sinhala,No,Yes,Yes,No
269283,"Crimmings, Jean",Lecturer,4.9,25,80,hblack2m@oracle.com,1,0,Female,Sinhala,No,Yes,Yes,No
189005,"Darson, Jene'ya",Lecturer,4.3,29,80,wtorres2n@ucoz.com,1,1,Female,Sinhala,No,Yes,Yes,No
226153,"DeGweck, James",Lecturer,3.4,24,80,rhunt2o@unesco.org,1,0,Male,Sinhala,No,Yes,Yes,No
108739,"Desimone, Carl",Lecturer,3.5,31,80,smills2p@wikispaces.com,2,1,Female,Sinhala,No,Yes,No,No
164586,"Dickinson, Geoff",Lecturer,2.4,33,80,btaylor2q@mozilla.com,2,1,Female,Sinhala,No,Yes,No,No
239645,"DiNocco, Lily",Lecturer,4.3,30,80,jgordon2r@msu.edu,1,1,Female,Sinhala,No,Yes,No,No
268279,"Dobrin, Denisa S",Lecturer,4.1,26,75,twood2s@storify.com,2,1,Male,Sinhala,No,Yes,No,No
142168,"Eaton, Marianne",Teacher,3.3,44,75,lgilbert2t@jugem.jp,1,1,Female,Sinhala,No,Yes,No,No
163714,"Engdahl, Jean",Teacher,2,25,75,mgraham2u@smh.com.au,1,0,Female,Sinhala,No,Yes,No,No
161567,"England, Rex",Teacher,4.8,33,75,jhenry2v@indiatimes.com,2,1,Female,Sinhala,No,Yes,No,Yes
141897,"Estremera, Miguel",Teacher,4.9,29,75,wchavez2w@tiny.cc,1,1,Female,Sinhala,No,Yes,No,Yes
204365,"Evensen, April",Teacher,2.5,35,75,jtucker2x@merriam-webster.com,0,0,Female,Sinhala,No,Yes,No,Yes
235431,"Ferguson, Susan",Teacher,2.9,35,75,dflores2y@meetup.com,1,1,Female,Sinhala,No,Yes,No,Yes
271852,"Fernandes, Nilson",Teacher,4.6,28,75,wthompson2z@goo.gl,0,0,Male,Sinhala,No,Yes,No,Yes
198940,"Ferreira, Violeta",Teacher,3.8,34,75,nlong30@addthis.com,1,0,Female,Sinhala,No,No,No,Yes
213735,"Fidelia, Libby",Teacher,3.1,32,75,rbarnes31@whitehouse.gov,2,0,Female,Sinhala,No,No,No,Yes
171503,"Garcia, Raul",Teacher,4.7,22,75,jmason32@pbs.org,1,0,Female,Sinhala,No,No,No,Yes
271880,"Garneau, Hamish",Teacher,2.8,28,85,mfox33@mail.ru,1,1,Female,Sinhala,No,No,No,No
157986,"Gaul, Barbara",Tech Lead,4.5,45,85,jandrews34@dot.gov,2,0,Female,Sinhala,No,No,No,No
251380,"Gentry, Mildred",Tech Lead,2.1,32,85,hnguyen35@domainmarket.com,0,1,Female,Sinhala,No,No,No,No
142519,"Gerke, Melisa",Tech Lead,2,28,85,rmorgan36@netvibes.com,0,1,Female,Sinhala,No,No,No,No
264708,"Gilles, Alex",Tech Lead,4.5,26,85,celliott37@topsy.com,1,0,No,Sinhala,No,No,No,No
111059,"Girifalco, Evelyn",Tech Lead,4,21,85,swheeler38@nature.com,0,1,No,Sinhala,No,No,Yes,No
149450,"Gold, Shenice",Tech Lead,4.5,27,85,jsimpson39@odnoklassniki.ru,0,1,No,Sinhala,No,No,Yes,No
164153,"Gonzalez, Cayo",Tech Lead,2.1,18,85,aortiz3a@google.co.uk,0,0,No,Sinhala,No,No,Yes,No
176391,"Gordon, David",Tech Lead,4.4,35,85,jmedina3b@tamu.edu,0,0,No,Sinhala,No,No,Yes,No
113476,"Goyal, Roxana",Tech Lead,4.2,29,85,lpalmer3c@samsung.com,1,0,No,Sinhala,No,No,Yes,No
289665,"Gross, Paula",Tech Lead,3.5,25,98,dreed3d@delicious.com,0,1,Male,Sinhala,No,No,Yes,No
218852,"Handschiegl, Joanne",Doctor,4.5,33,98,mboyd3e@nydailynews.com,1,0,No,Sinhala,No,No,Yes,No
216879,"Harrell, Ludwick",Doctor,2.1,36,98,jfields3f@smugmug.com,1,0,No,Sinhala,No,No,Yes,No
121721,"Harrington, Christie",Doctor,3.2,36,98,jryan3g@blogtalkradio.com,0,0,No,Sinhala,No,No,Yes,No
153042,"Harrison, Kara",Doctor,4.1,36,98,jfernandez3h@npr.org,1,0,Female,Sinhala,No,No,Yes,No
283161,"Heitzman, Anthony",Doctor,4.4,38,98,rgriffin3i@abc.net.au,1,1,No,Sinhala,No,No,Yes,No
136803,"Ivey, Rose",Doctor,4.6,40,98,lmarshall3j@qq.com,2,0,No,Sinhala,Yes,Yes,Yes,Yes
245797,"Jackson, Maryellen",Doctor,4.2,55,98,gmiller3k@marriott.com,1,0,No,Sinhala,Yes,Yes,No,Yes
260971,"Jacobi, Hannah",Doctor,3,55,98,jbrooks3l@cyberchimps.com,1,0,No,Sinhala,Yes,Yes,No,Yes
107232,"Jhaveri, Sneha",Doctor,2.6,53,98,chamilton3m@cafepress.com,0,0,Female,Sinhala,No,No,No,Yes
171577,"Johnson, George",Doctor,2.6,60,95,mmitchell3n@dailymail.co.uk,1,0,No,Sinhala,No,No,No,Yes
143912,"Jung, Judy",Lawyer,2.2,34,95,msmith3o@mtv.com,1,1,No,Sinhala,No,No,No,Yes
214913,"Keatts, Kramer",Lawyer,3.8,36,95,hshaw3p@mysql.com,0,1,No,Sinhala,No,No,No,Yes
155835,"Kinsella, Kathleen",Lawyer,3,37,95,aharrison3q@hao123.com,2,0,No,Sinhala,No,No,No,Yes
278920,"Kirill, Alexandra",Lawyer,2.3,39,95,btucker3r@w3.org,1,0,No,Sinhala,No,No,Yes,Yes
250341,"Knapp, Bradley J",Lawyer,2.2,30,95,cgomez3s@cmu.edu,0,0,No,Sinhala,No,No,Yes,Yes
187629,"Kretschmer, John",Lawyer,4.1,39,103,amorrison3t@amazon.com,2,1,Female,Sinhala,No,No,Yes,Yes
204230,"Langton, Enrico",Professor,2.5,55,103,hhunter3u@livejournal.com,1,1,No,Sinhala,No,No,Yes,Yes
175229,"Leach, Dallas",Professor,3.4,58,103,kharper3v@hhs.gov,1,1,No,Sinhala,No,No,Yes,Yes
212574,"LeBel, Jonathan R",Professor,2.3,50,103,lfoster3w@cloudflare.com,1,0,No,Sinhala,No,No,Yes,Yes
233627,"Linares, Marilyn",Professor,4,53,103,awatson3x@timesonline.co.uk,1,1,No,Sinhala,No,No,Yes,No
120374,"Lydon, Allison",Professor,4.4,58,103,cburton3y@miibeian.gov.cn,1,0,No,Sinhala,No,No,Yes,No
193683,"Lynch, Lindsay",Professor,3.4,60,103,dwalker3z@nymag.com,1,0,Male,Sinhala,No,No,Yes,No
218353,"MacLennan, Samuel",Professor,2.2,66,105,cchapman40@usa.gov,1,0,Female,Sinhala,No,Yes,Yes,No
164270,"Mahoney, Lauren",CEO,2.1,45,105,lhart41@spotify.com,1,1,No,Sinhala,No,Yes,Yes,No
122765,"Mangal, Debbie",CEO,4.6,55,105,jsanchez42@naver.com,1,0,No,Sinhala,No,Yes,Yes,No
274824,"Maurice, Shana",CEO,3.9,57,105,mfox43@elegantthemes.com,1,0,No,Sinhala,No,Yes,Yes,No
254366,"Mckenna, Sandy",CEO,3,58,105,dstone44@cloudflare.com,2,1,No,Sinhala,No,Yes,Yes,No
179886,"Meads, Elizabeth",CEO,3.6,43,105,chowell45@networksolutions.com,0,1,Female,Sinhala,No,Yes,Yes,Yes
156295,"Medeiros, Jennifer",CEO,4.7,45,105,mmoore46@tinypic.com,1,1,No,Sinhala,No,Yes,Yes,Yes
170407,"Motlagh, Dawn",CEO,3.4,55,105,wjohnston47@is.gd,1,0,No,Sinhala,No,Yes,Yes,Yes
199771,"Ndzi, Colombui",CEO,4.1,57,105,jknight48@usatoday.com,0,1,No,Sinhala,No,Yes,Yes,Yes
289211,"Ndzi, Horia",CEO,4.6,58,105,rwatson49@liveinternet.ru,1,0,No,Sinhala,No,Yes,Yes,Yes
107429,"Newman, Richard",CIO,4.7,58,105,jford4a@admin.ch,1,0,No,Sinhala,No,Yes,No,Yes
266122,"Ngodup, Shari",CIO,4.1,59,105,mellis4b@arizona.edu,0,0,No,Sinhala,No,Yes,No,Yes
179479,"Nguyen, Lei-Ming",CIO,3.4,59,105,scooper4c@blinklist.com,2,1,No,Sinhala,No,Yes,No,Yes
184812,"O'hare, Lynn",CIO,3.5,60,105,csims4d@amazon.com,1,1,Female,Sinhala,No,Yes,No,Yes
202096,"Osturnka, Adeel",CIO,2.4,60,105,jvasquez4e@mashable.com,1,1,No,Sinhala,No,Yes,No,Yes
218265,"Owad, Clinton",CIO,4.5,54,105,bwilliamson4f@prnewswire.com,0,1,No,Sinhala,No,Yes,No,Yes
209107,"Panjwani, Nina",CIO,2.4,54,105,jmorrison4g@state.gov,2,1,No,Sinhala,No,Yes,No,Yes
108734,"Pelech, Emil",CIO,2.5,53,105,twatkins4h@spiegel.de,1,0,No,Sinhala,No,Yes,No,Yes
131181,"Perry, Shakira",CIO,3,53,105,ksimmons4i@jiathis.com,0,1,Female,Sinhala,No,Yes,No,Yes
192063,"Peterson, Kayla",CIO,2.5,52,100,mchavez4j@github.com,0,1,No,Sinhala,No,Yes,No,Yes
299807,"Pham, Hong",Senior Lecturer,4.8,35,100,treed4k@wiley.com,1,1,No,Sinhala,No,Yes,No,Yes
200917,"Pitt, Brad",Senior Lecturer,2.1,35,100,jpayne4l@mysql.com,1,1,No,Sinhala,No,Yes,No,Yes
148951,"Power, Morissa",Senior Lecturer,4,34,100,ccarroll4m@marketwatch.com,1,1,No,Sinhala,No,Yes,No,Yes
190628,"Punjabhi, Louis",Senior Lecturer,4.3,42,100,arussell4n@psu.edu,1,0,No,Sinhala,No,Yes,No,Yes
191720,"Purinton, Janine",Senior Lecturer,2.8,37,100,jhamilton4o@domainmarket.com,1,1,No,Sinhala,No,Yes,No,No
222072,"Rarrick, Quinn",Senior Lecturer,4.4,37,100,fkelly4p@skype.com,1,1,No,Sinhala,No,Yes,No,No
278643,"Rhoads, Thomas",Senior Lecturer,4,35,100,jlawson4q@tamu.edu,1,1,No,Sinhala,No,Yes,No,No
125604,"Rivera, Haley",Senior Lecturer,2.3,35,97,fknight4r@disqus.com,2,1,No,Sinhala,No,Yes,No,No
161625,"Robinson, Alain",Senior Lead,2.4,39,97,jcoleman4s@google.de,1,1,Female,Sinhala,No,Yes,No,No
201649,"Robinson, Cherly",Senior Lead,3.5,40,97,jking4t@theglobeandmail.com,0,1,No,Sinhala,No,Yes,No,No
148371,"Robinson, Elias",Senior Lead,4.2,34,97,jrivera4u@deviantart.com,1,1,No,Sinhala,No,Yes,No,No
227249,"Rose, Ashley",Senior Lead,2.2,31,97,plawson4v@storify.com,2,1,No,Sinhala,No,Yes,No,No
130060,"Rossetti, Bruno",Senior Lead,4.9,44,97,ccoleman4w@dailymail.co.uk,0,1,Female,Sinhala,No,Yes,No,No
160369,"Saar-Beckles, Melinda",Senior Lead,4.2,44,97,erivera4x@nydailynews.com,0,1,No,Sinhala,No,Yes,No,No
126498,"Sadki, Nore",Senior Lead,2.6,45,97,sgonzalez4y@disqus.com,1,1,No,Sinhala,No,Yes,No,No
193618,"Sander, Kamrin",Senior Lead,4.4,41,97,bmiller4z@bluehost.com,1,1,Female,Sinhala,No,Yes,No,No
115124,"Sewkumar, Nori",Senior Lead,3.8,42,92,sgomez50@last.fm,2,1,No,Sinhala,No,Yes,No,No
121402,"Shields, Seffi",Senior Accountant,4.5,43,92,dsimpson51@google.co.uk,0,0,No,Sinhala,No,Yes,No,No
275094,"Smith, Sade",Senior Accountant,2.1,40,92,sschmidt52@storify.com,2,0,Male,Sinhala,No,Yes,No,No
282527,"Sparks, Taylor",Senior Accountant,4.3,55,92,blarson53@va.gov,0,1,No,Sinhala,No,Yes,No,No
125071,"Squatrito, Kristen",Senior Accountant,3.9,52,92,dmyers54@ucoz.ru,2,1,No,Sinhala,No,Yes,No,No
163025,"Stanford,Barbara M",Senior Accountant,3.3,53,92,dstevens55@cisco.com,2,1,No,Sinhala,No,Yes,No,No
191846,"Stoica, Rick",Senior Accountant,4.1,50,92,kgutierrez56@yahoo.com,2,1,No,Sinhala,No,Yes,No,No
263302,"Sullivan, Timothy",Senior Accountant,3.8,39,92,bfernandez57@marketwatch.com,1,1,Male,Sinhala,No,Yes,No,No
150754,"Sutwell, Barbara",Senior Accountant,4.2,40,92,jperez58@house.gov,1,1,No,Sinhala,No,Yes,No,No
246499,"Tavares, Desiree",Senior Accountant,4.9,40,95,tshaw59@hud.gov,1,1,No,Sinhala,No,Yes,No,No
152074,"Theamstern, Sophia",IT Director,4.1,38,95,cbradley5a@cnet.com,0,0,No,Sinhala,Yes,Yes,No,Yes
123339,"Tinto, Theresa",IT Director,2.8,38,95,mpatterson5b@stanford.edu,2,1,No,Sinhala,Yes,Yes,No,Yes
230879,"Tippett, Jeanette",IT Director,2.2,38,95,jryan5c@imgur.com,2,1,No,Sinhala,Yes,Yes,No,Yes
119684,"Trang, Mei",IT Director,4.5,35,95,kcoleman5d@freewebs.com,1,1,Male,Sinhala,No,Yes,No,No
295667,"Veera, Abdellah",IT Director,2.9,40,95,pgibson5e@bigcartel.com,1,1,No,Sinhala,No,Yes,No,No
276503,"Volk, Colleen",IT Director,3.5,40,95,bfields5f@histats.com,1,1,No,Sinhala,No,Yes,No,No
118419,"Von Massenbach, Anna",IT Director,3.7,35,91,acarroll5g@plala.or.jp,1,1,No,Sinhala,No,Yes,No,No
283644,"Wallace, Theresa",Manager,3.6,26,91,jnelson5h@wiley.com,2,1,No,Sinhala,No,Yes,No,No
182990,"Whittier, Scott",Manager,4.5,27,91,mwatkins5i@webs.com,0,1,Male,Sinhala,No,Yes,No,No
295139,"Wilber, Barry",Manager,2.1,28,91,dwilliams5j@bing.com,2,1,No,Sinhala,No,Yes,No,No
293235,"Williams, Jacquelyn",Manager,2.3,27,91,sramos5k@phpbb.com,1,1,No,Sinhala,No,Yes,No,No
195800,"Ybarra, Catherine",Manager,2.1,34,91,jrichards5l@github.io,2,1,No,Sinhala,No,Yes,No,No
139961,"Zima, Colleen",Manager,2.1,41,91,ffisher5m@rediff.com,0,1,Male,Sinhala,No,Yes,No,No
154171,"Akinkuolie, Sarah",Manager,2.3,37,91,emason5n@jimdo.com,1,1,No,Sinhala,No,Yes,No,No
198924,"Beak, Kimberly",Manager,3.8,34,91,ajames5o@paypal.com,1,0,No,Sinhala,No,Yes,No,No
185477,"Blount, Dianna",Manager,2.5,32,25,cberry5p@oaic.gov.au,0,1,No,Sinhala,No,Yes,No,No
241577,"Bondwell, Betsy",Driver,4,21,25,cmurray5q@scribd.com,1,1,No,Sinhala,No,Yes,No,No
164784,"Buccheri, Joseph",Driver,2.2,30,25,pschmidt5r@scientificamerican.com,1,0,No,Sinhala,No,Yes,No,No
161493,"Burke, Joelle",Driver,4.7,24,25,hwillis5s@state.tx.us,0,1,Male,Sinhala,No,Yes,No,No
132684,"Burkett, Benjamin",Driver,4.2,26,25,abrooks5t@dedecms.com,1,1,No,Sinhala,No,Yes,No,No
122792,"Cloninger, Jennifer",Driver,3.7,40,25,dmorgan5u@free.fr,2,1,No,Sinhala,No,Yes,No,No
161186,"Close, Phil",Driver,4.6,37,25,cbowman5v@amazon.com,1,1,No,Sinhala,No,Yes,No,No
206126,"Davis, Daniel",Driver,4.1,26,25,ekennedy5w@4shared.com,2,1,No,Sinhala,No,Yes,No,No
158600,"Demita, Carla",Driver,2.1,32,20,hmurray5x@irs.gov,2,0,No,Sinhala,No,Yes,No,No
209896,"Erilus, Angela",Body Guard,2.5,32,20,chamilton5y@opera.com,2,1,No,Sinhala,No,Yes,No,No
121709,"Faller, Megan",Body Guard,4.5,27,20,rmitchell5z@ebay.co.uk,1,0,No,Sinhala,No,Yes,No,No
142997,"Fancett, Nicole",Body Guard,3.1,30,20,jwallace60@samsung.com,1,0,No,Sinhala,No,Yes,No,No
264129,"Fitzpatrick, Michael J",Body Guard,3.6,31,20,rwilson61@fc2.com,0,1,Male,Sinhala,No,Yes,No,No
125801,"Foreman, Tanya",Body Guard,2.5,29,20,dolson62@reuters.com,2,1,No,Sinhala,No,Yes,No,No
241564,"Gonzalez, Juan",Body Guard,2.8,41,20,swillis63@ted.com,1,1,No,Sinhala,No,Yes,No,No
185887,"Good, Susan",Body Guard,4.7,34,20,aoliver64@goo.gl,1,0,No,Sinhala,No,Yes,No,No
175164,"Gosciminski, Phylicia",Body Guard,2.5,33,17,mfranklin65@squarespace.com,2,1,No,Sinhala,No,Yes,No,No
246922,"Hankard, Earnest",Security Officer,4.4,28,17,dmoore66@opensource.org,2,1,No,Sinhala,No,Yes,No,No
188607,"Hendrickson, Trina",Security Officer,4.8,28,17,swhite67@fc2.com,2,0,Male,Sinhala,No,Yes,No,No
276166,"Homberger, Adrienne J",Security Officer,4.8,23,17,rramos68@scribd.com,1,1,No,Sinhala,No,Yes,No,No
191754,"Hunts, Julissa",Security Officer,3.6,24,17,cdaniels69@foxnews.com,2,1,No,Sinhala,No,Yes,No,No
276564,"Hutter, Rosalie",Security Officer,3.6,32,17,rryan6a@yolasite.com,1,1,No,Sinhala,No,Yes,No,No
177093,"Huynh, Ming",Security Officer,2.8,34,17,mthompson6b@oracle.com,1,1,No,Sinhala,No,Yes,No,No
148469,"Jeannite, Tayana",Security Officer,4.7,24,17,elee6c@theguardian.com,0,1,No,Sinhala,No,Yes,No,No
214042,"Johnston, Yen",Security Officer,4.6,26,15,cpierce6d@i2i.jp,2,1,No,Sinhala,No,Yes,No,No
222344,"Langford, Lindsey",Clerical Staff,4.5,36,15,jlawrence6e@pcworld.com,1,1,No,Sinhala,No,Yes,No,No
216583,"Latif, Mohammed",Clerical Staff,4.8,41,15,loliver6f@jugem.jp,0,1,No,Sinhala,No,Yes,No,No
211500,"Linden, Mathew",Clerical Staff,3.7,38,15,kcruz6g@state.tx.us,1,1,No,Sinhala,No,Yes,No,No
282470,"Lundy, Susan",Clerical Staff,2.4,38,15,bstone6h@opera.com,2,1,No,Sinhala,No,Yes,No,No
266193,"Lunquist, Lisa",Clerical Staff,4.4,30,15,dkelley6i@discuz.net,0,1,Male,Sinhala,No,Yes,No,No
276171,"Manchester, Robyn",Clerical Staff,3.9,25,15,cbrown6j@google.ca,1,1,No,Sinhala,No,Yes,No,No
101821,"Mancuso, Karen",Clerical Staff,2.8,37,15,bsanchez6k@umn.edu,1,1,No,Sinhala,No,Yes,No,No
248827,"McCarthy, Brigit",Clerical Staff,3.5,34,15,kcox6l@yahoo.com,1,1,No,Sinhala,No,Yes,No,No
280757,"Miller, Ned",Clerical Staff,3.1,37,5,pfreeman6m@gov.uk,0,1,No,Sinhala,No,Yes,No,No
222344,"Langford, Lindsey",Clerical Staff,4.5,36,15,jlawrence6e@pcworld.com,1,1,No,Sinhala,No,Yes,No,No
216583,"Latif, Mohammed",Senior HR,4.8,32,63,loliver6f@jugem.jp,0,1,No,Sinhala,No,Yes,No,No
211500,"Linden, Mathew",Senior HR,3.7,30,63,kcruz6g@state.tx.us,1,1,No,Sinhala,No,Yes,No,No
282470,"Lundy, Susan",Senior HR,2.4,29,63,bstone6h@opera.com,2,1,No,Sinhala,No,Yes,No,No
266193,"Lunquist, Lisa",Senior HR,4.4,30,63,dkelley6i@discuz.net,0,1,Male,Sinhala,No,Yes,No,No
276171,"Manchester, Robyn",Senior HR,3.9,34,63,cbrown6j@google.ca,1,1,No,Sinhala,No,Yes,No,No
101821,"Mancuso, Karen",Senior HR,2.8,34,63,bsanchez6k@umn.edu,1,1,No,Sinhala,No,Yes,No,No
248827,"McCarthy, Brigit",Senior HR,3.5,34,63,kcox6l@yahoo.com,1,1,No,Sinhala,No,Yes,No,No
280757,"Miller, Ned",Senior HR,3.1,33,63,pfreeman6m@gov.uk,0,1,No,Sinhala,No,Yes,No,No
