UID,Profession,Rating,Age,Profession_Category,Language_Spoken,Gender_Preference,Smoking,Music_Lover,Motion_Sickness,Like_Quietness
94990,Clerk,3.2,37,25,Sinhala,Male,Yes,Yes,Yes,Yes
593061,Driver,2.3,44,20,Sinhala,Male,Yes,Yes,Yes,Yes
653641,Body Guard,4.3,32,17,Sinhala,Male,Yes,Yes,Yes,Yes
843047,Security Officer,2.1,31,15,Sinhala,Male,Yes,Yes,Yes,Yes
45199,Clerk,2.6,31,20,Sinhala,Female,Yes,Yes,Yes,Yes
464565,Body Guard,3.9,33,17,Sinhala,Female,Yes,Yes,Yes,Yes
224265,Security Officer,4.9,35,15,Sinhala,Female,Yes,Yes,Yes,Yes
192006,Clerk,3.8,39,25,Sinhala,Female,Yes,Yes,Yes,Yes
648638,Driver,5,42,25,Sinhala,No,Yes,Yes,Yes,Yes
179477,Driver,3.6,23,25,Sinhala,No,Yes,Yes,Yes,Yes
504411,Driver,2.2,31,25,Sinhala,No,Yes,Yes,Yes,Yes
972431,Driver,4,29,15,Sinhala,No,Yes,Yes,Yes,Yes
545620,Clerk,2.1,42,20,Sinhala,Male,Yes,Yes,Yes,No
446924,Body Guard,4.3,36,15,Sinhala,Male,Yes,Yes,Yes,No
894362,Clerk,3.6,27,20,Sinhala,Male,Yes,Yes,Yes,No
110559,Body Guard,3.2,29,15,Sinhala,Male,Yes,Yes,Yes,No
952541,Clerk,3.5,23,32,Sinhala,Female,Yes,Yes,Yes,No
755964,intern,4.2,22,32,Sinhala,Female,Yes,Yes,Yes,No
982477,intern,4.9,24,32,Sinhala,Female,Yes,Yes,Yes,No
250618,intern,2.6,23,32,Sinhala,Female,Yes,Yes,Yes,No
498688,intern,2.7,22,32,Sinhala,No,Yes,Yes,Yes,No
317099,intern,4.7,22,32,Sinhala,No,Yes,Yes,Yes,No
241629,intern,4.8,25,32,Sinhala,No,Yes,Yes,Yes,No
686448,intern,4.9,22,32,Sinhala,No,Yes,Yes,Yes,No
593122,intern,2.2,23,42,Sinhala,No,Yes,Yes,Yes,No
678139,Administrative Assistant,4.6,35,42,Sinhala,Male,Yes,Yes,No,Yes
614980,Administrative Assistant,4.9,33,42,Sinhala,Male,Yes,Yes,No,Yes
437825,Administrative Assistant,2.7,35,42,Sinhala,Male,Yes,Yes,No,Yes
109879,Administrative Assistant,2.1,34,42,Sinhala,Male,Yes,Yes,No,Yes
765793,Administrative Assistant,3.6,37,42,Sinhala,Male,Yes,Yes,No,Yes
317558,Administrative Assistant,4.6,35,42,Sinhala,Female,Yes,Yes,No,Yes
458902,Administrative Assistant,4.9,33,42,Sinhala,Female,Yes,Yes,No,Yes
103403,Administrative Assistant,2.7,35,42,Sinhala,Female,Yes,Yes,No,Yes
16759,Administrative Assistant,2.1,34,42,Sinhala,Female,Yes,Yes,No,Yes
86669,Administrative Assistant,3.6,37,42,Sinhala,No,Yes,Yes,No,Yes
351464,Bank Assistant,2.9,27,38,Sinhala,No,Yes,Yes,No,Yes
514402,Bank Assistant,2.7,29,38,Sinhala,No,Yes,Yes,No,Yes
206471,Bank Assistant,4.6,38,38,Sinhala,No,Yes,Yes,No,Yes
529876,Bank Assistant,3.4,50,38,Sinhala,No,Yes,Yes,No,Yes
490484,Bank Assistant,2.9,35,38,Sinhala,Male,Yes,Yes,No,No
965315,IT Support,3.4,24,40,Sinhala,Male,Yes,Yes,No,No
912608,IT Support,3.7,35,40,Sinhala,Male,Yes,Yes,No,No
480301,IT Support,2.3,27,40,English,Male,Yes,Yes,No,No
49298,IT Support,2.9,18,40,Sinhala,Female,Yes,Yes,No,No
93535,IT Support,3,30,40,Sinhala,Female,Yes,Yes,No,No
45238,IT Support,4.8,38,40,Sinhala,Female,Yes,Yes,No,No
208947,IT Support,3.8,28,35,Sinhala,Female,Yes,Yes,No,No
537657,Cashier,3.6,34,35,Sinhala,No,Yes,Yes,No,No
519866,Cashier,4.2,26,35,Sinhala,No,Yes,Yes,No,No
820257,Cashier,3.3,30,35,Sinhala,No,Yes,Yes,No,No
775679,Cashier,5,22,35,Sinhala,No,Yes,Yes,No,No
323051,Cashier,4.3,33,35,Sinhala,No,Yes,Yes,No,No
112357,Cashier,4.9,31,35,Sinhala,Male,Yes,No,Yes,Yes
675307,Clerks,2.8,32,35,Sinhala,Male,Yes,No,Yes,Yes
929581,Clerks,3.8,28,35,Sinhala,Male,Yes,No,Yes,Yes
494362,Clerks,4.6,27,35,Sinhala,Male,Yes,No,Yes,Yes
647091,Manager,2.5,32,25,Sinhala,Male,Yes,No,Yes,Yes
337765,Driver,4,21,25,Sinhala,Female,Yes,No,Yes,Yes
97047,Driver,2.2,30,25,Sinhala,Female,Yes,No,Yes,Yes
49652,Driver,4.7,24,25,Sinhala,Female,Yes,No,Yes,Yes
841703,Driver,4.2,26,25,Sinhala,Female,Yes,No,Yes,Yes
18401,Driver,3.7,40,25,Sinhala,No,Yes,No,Yes,Yes
587301,Driver,4.6,37,25,Sinhala,No,Yes,No,Yes,Yes
460952,Driver,4.1,26,25,Sinhala,No,Yes,No,Yes,Yes
448478,Driver,2.1,32,20,Sinhala,No,Yes,No,Yes,Yes
745087,Body Guard,2.5,32,20,Sinhala,No,Yes,No,Yes,Yes
208740,Body Guard,4.5,27,20,Sinhala,Male,Yes,No,Yes,No
783988,Body Guard,3.1,30,20,Sinhala,Male,Yes,No,Yes,No
965945,Body Guard,3.6,31,20,Sinhala,Male,Yes,No,Yes,No
938391,Body Guard,2.5,29,20,Sinhala,Male,Yes,No,Yes,No
736549,Body Guard,2.8,41,20,Sinhala,Female,Yes,No,Yes,No
855282,Body Guard,4.7,34,20,Sinhala,Female,Yes,No,Yes,No
116558,Body Guard,2.5,33,17,Sinhala,Female,Yes,No,Yes,No
167370,Security Officer,4.4,28,17,Sinhala,Female,Yes,No,Yes,No
807831,Security Officer,4.8,28,17,Sinhala,No,Yes,No,Yes,No
473123,Security Officer,4.8,23,17,Sinhala,No,Yes,No,Yes,No
817648,Security Officer,3.6,24,17,Sinhala,No,Yes,No,Yes,No
754646,Security Officer,3.6,32,17,Sinhala,No,Yes,No,Yes,No
292399,Security Officer,2.8,34,17,Sinhala,No,Yes,No,Yes,No
430674,Security Officer,4.7,24,17,Sinhala,Male,Yes,No,No,Yes
792258,Security Officer,4.6,26,15,Sinhala,Male,Yes,No,No,Yes
160,Clerical Staff,4.5,36,15,Sinhala,Male,Yes,No,No,Yes
244741,Clerical Staff,4.8,41,15,Sinhala,Male,Yes,No,No,Yes
980097,Clerical Staff,3.7,38,15,Sinhala,Female,Yes,No,No,Yes
574624,Clerical Staff,2.4,38,15,Sinhala,Female,Yes,No,No,Yes
233439,Clerical Staff,4.4,30,15,Sinhala,Female,Yes,No,No,Yes
326897,Clerical Staff,3.9,25,15,Sinhala,Female,Yes,No,No,Yes
916213,Clerical Staff,2.8,37,15,Sinhala,No,Yes,No,No,Yes
500543,Clerical Staff,3.5,34,15,Sinhala,No,Yes,No,No,Yes
509776,Clerical Staff,3.1,37,15,Sinhala,No,Yes,No,No,Yes
910128,Clerical Staff,4.5,36,25,Sinhala,No,Yes,No,No,Yes
233371,Clerk,3.2,37,20,Tamil,No,Yes,No,No,Yes
447003,Driver,2.3,44,17,Tamil,Male,Yes,No,No,No
996203,Body Guard,4.3,32,15,Tamil,Male,Yes,No,No,No
783388,Security Officer,2.1,31,20,Tamil,Male,Yes,No,No,No
885019,Clerk,2.6,31,17,Tamil,Male,Yes,No,No,No
768687,Body Guard,3.9,33,15,Tamil,Female,Yes,No,No,No
347052,Security Officer,4.9,35,25,Tamil,Female,Yes,No,No,No
987589,Clerk,3.8,39,25,Tamil,Female,Yes,No,No,No
362432,Driver,5,42,25,Tamil,Female,Yes,No,No,No
947220,Driver,3.6,23,25,Tamil,No,Yes,No,No,No
276654,Driver,2.2,31,15,Tamil,No,Yes,No,No,No
20621,Driver,4,29,20,Tamil,No,Yes,No,No,No
752392,Clerk,2.1,42,15,Tamil,No,Yes,No,No,No
85388,Body Guard,4.3,36,20,Tamil,No,Yes,No,No,No
385914,Clerk,3.6,27,15,Tamil,Male,No,Yes,Yes,Yes
956120,Body Guard,3.2,29,32,Tamil,Male,No,Yes,Yes,Yes
286073,Clerk,3.5,23,32,Tamil,Male,No,Yes,Yes,Yes
135479,intern,4.2,22,32,Tamil,Male,No,Yes,Yes,Yes
330967,intern,4.9,24,32,Tamil,Female,No,Yes,Yes,Yes
573817,intern,2.6,23,32,Tamil,Female,No,Yes,Yes,Yes
643705,intern,2.7,22,32,Tamil,Female,No,Yes,Yes,Yes
221762,intern,4.7,22,32,Tamil,Female,No,Yes,Yes,Yes
828554,intern,4.8,25,32,Tamil,Female,No,Yes,Yes,Yes
33843,intern,4.9,22,42,English,No,No,Yes,Yes,Yes
205003,intern,2.2,23,42,English,No,No,Yes,Yes,Yes
290007,Administrative Assistant,4.6,35,42,English,No,No,Yes,Yes,Yes
678372,Administrative Assistant,4.9,33,42,English,No,No,Yes,Yes,Yes
514051,Administrative Assistant,2.7,35,42,English,No,No,Yes,Yes,Yes
516301,Administrative Assistant,2.1,34,42,English,No,No,Yes,Yes,Yes
451664,Administrative Assistant,3.6,37,32,English,Male,No,Yes,Yes,No
256281,Administrative Assistant,4.6,35,32,English,Male,No,Yes,Yes,No
535913,Administrative Assistant,4.9,33,35,English,Male,No,Yes,Yes,No
129530,Administrative Assistant,2.7,35,37,English,Male,No,Yes,Yes,No
395388,Administrative Assistant,2.1,34,31,English,Male,No,Yes,Yes,No
553660,Administrative Assistant,3.6,37,38,English,Female,No,Yes,Yes,No
571703,Bank Assistant,2.9,27,38,English,Female,No,Yes,Yes,No
785990,Bank Assistant,2.7,29,38,English,Female,No,Yes,Yes,No
911741,Bank Assistant,4.6,38,38,English,No,No,Yes,Yes,No
236354,Bank Assistant,3.4,50,40,English,No,No,Yes,Yes,No
575033,Bank Assistant,2.9,35,40,English,No,No,Yes,Yes,No
132161,IT Support,3.4,24,40,English,No,No,Yes,Yes,No
980834,IT Support,3.7,35,40,English,No,No,Yes,Yes,No
292266,IT Support,2.3,27,40,English,Male,No,Yes,No,Yes
995579,IT Support,2.9,18,40,Sinhala,Male,No,Yes,No,Yes
628359,IT Support,3,30,40,Sinhala,Male,No,Yes,No,Yes
369668,IT Support,4.8,38,35,Sinhala,Male,No,Yes,No,Yes
638426,IT Support,3.8,28,35,Sinhala,Female,No,Yes,No,Yes
287486,Cashier,3.6,34,35,Sinhala,Female,No,Yes,No,Yes
742995,Cashier,4.2,26,35,Sinhala,Female,No,Yes,No,Yes
260632,Cashier,3.3,30,35,Sinhala,Female,No,Yes,No,Yes
288214,Cashier,5,22,35,Sinhala,No,No,Yes,No,Yes
933025,Cashier,4.3,33,35,Sinhala,No,No,Yes,No,Yes
845496,Cashier,4.9,31,35,Sinhala,No,No,Yes,No,Yes
764885,Clerks,2.8,32,35,Sinhala,No,No,Yes,No,Yes
471568,Clerks,3.8,28,35,Sinhala,Male,No,Yes,No,No
807620,Clerks,4.6,27,25,Sinhala,Male,No,Yes,No,No
943860,Manager,2.5,32,25,Sinhala,Male,No,Yes,No,No
500008,Driver,4,21,25,Sinhala,Male,No,Yes,No,No
957020,Driver,2.2,30,25,Sinhala,Female,No,Yes,No,No
418020,Driver,4.7,24,25,Sinhala,Female,No,Yes,No,No
999420,Driver,4.2,26,25,Sinhala,Female,No,Yes,No,No
149219,Driver,3.7,40,25,Sinhala,Female,No,Yes,No,No
369129,Driver,4.6,37,25,Sinhala,No,No,Yes,No,No
637797,Driver,4.1,26,20,Sinhala,No,No,Yes,No,No
100508,Driver,2.1,32,20,Sinhala,No,No,Yes,No,No
227476,Body Guard,2.5,32,20,Sinhala,No,No,Yes,No,No
824775,Body Guard,4.5,27,20,Sinhala,No,No,Yes,No,No
461859,Body Guard,3.1,30,20,Sinhala,Male,No,No,Yes,Yes
868762,Body Guard,3.6,31,20,Sinhala,Male,No,No,Yes,Yes
373305,Body Guard,2.5,29,20,Sinhala,Male,No,No,Yes,Yes
378079,Body Guard,2.8,41,20,Sinhala,Male,No,No,Yes,Yes
879100,Body Guard,4.7,34,17,Sinhala,Female,No,No,Yes,Yes
313823,Body Guard,2.5,33,17,Sinhala,Female,No,No,Yes,Yes
14366,Security Officer,4.4,28,17,Sinhala,Female,No,No,Yes,Yes
254436,Security Officer,4.8,28,17,Sinhala,Female,No,No,Yes,Yes
701976,Security Officer,4.8,23,17,Sinhala,No,No,No,Yes,Yes
386196,Security Officer,3.6,24,17,Sinhala,No,No,No,Yes,Yes
143694,Security Officer,3.6,32,17,Sinhala,No,No,No,Yes,Yes
795773,Security Officer,2.8,34,17,Sinhala,No,No,No,Yes,Yes
907106,Security Officer,4.7,24,15,Sinhala,No,No,No,Yes,Yes
120952,Security Officer,4.6,26,15,Sinhala,Male,No,No,Yes,No
1127,Clerical Staff,4.5,36,15,Sinhala,Male,No,No,Yes,No
652222,Clerical Staff,4.8,41,15,Sinhala,Male,No,No,Yes,No
616797,Clerical Staff,3.7,38,15,Sinhala,Male,No,No,Yes,No
808884,Clerical Staff,2.4,38,15,Sinhala,Female,No,No,Yes,No
129762,Clerical Staff,4.4,30,15,Sinhala,Female,No,No,Yes,No
499100,Clerical Staff,3.9,25,15,Sinhala,Female,No,No,Yes,No
805760,Clerical Staff,2.8,37,15,Sinhala,Female,No,No,Yes,No
921583,Clerical Staff,3.5,34,15,Sinhala,No,No,No,Yes,No
848600,Clerical Staff,3.1,37,25,Sinhala,No,No,No,Yes,No
653482,Clerical Staff,4.5,36,20,Sinhala,No,No,No,Yes,No
56106,Clerk,3.2,37,17,Sinhala,No,No,No,Yes,No
479594,Driver,2.3,44,15,Sinhala,No,No,No,Yes,No
780022,Body Guard,4.3,32,20,Sinhala,No,No,No,Yes,No
65138,Security Officer,2.1,31,17,Sinhala,Male,No,No,No,Yes
183566,Clerk,2.6,31,15,Sinhala,Male,No,No,No,Yes
685888,Body Guard,3.9,33,25,Sinhala,Male,No,No,No,Yes
617493,Security Officer,4.9,35,25,Sinhala,Male,No,No,No,Yes
118598,Clerk,3.8,39,25,Sinhala,Female,No,No,No,Yes
668823,Driver,5,42,25,Sinhala,Female,No,No,No,Yes
344434,Driver,3.6,23,15,Sinhala,Female,No,No,No,Yes
887052,Driver,2.2,31,20,Sinhala,Female,No,No,No,Yes
792744,Driver,4,29,15,Sinhala,No,No,No,No,Yes
939088,Clerk,2.1,42,20,Sinhala,No,No,No,No,Yes
297086,Body Guard,4.3,36,15,Sinhala,No,No,No,No,Yes
968922,Clerk,3.6,27,32,Sinhala,No,No,No,No,Yes
651191,Body Guard,3.2,29,32,Sinhala,No,No,No,No,Yes
753869,Clerk,3.5,23,32,Sinhala,Male,No,No,No,No
545822,intern,4.2,22,32,Sinhala,Male,No,No,No,No
622876,intern,4.9,24,32,Sinhala,Male,No,No,No,No
344035,intern,2.6,23,32,Sinhala,Male,No,No,No,No
514628,intern,2.7,22,32,Sinhala,Male,No,No,No,No
939829,intern,4.7,22,32,Sinhala,Female,No,No,No,No
458720,intern,4.8,25,42,Sinhala,Female,No,No,No,No
52428,intern,4.9,22,42,Sinhala,Female,No,No,No,No
41246,intern,2.2,23,42,Sinhala,Female,No,No,No,No
680352,Administrative Assistant,4.6,35,42,Sinhala,No,No,No,No,No
599526,Administrative Assistant,4.9,33,42,Sinhala,No,No,No,No,No
620061,Administrative Assistant,2.7,35,42,Sinhala,No,No,No,No,No
797637,Administrative Assistant,2.1,34,32,Sinhala,No,No,No,No,No
76143,Administrative Assistant,3.6,37,32,Sinhala,No,No,No,No,No
195760,HR,4.8,32,63,Sinhala,Male,Yes,Yes,Yes,Yes
565885,HR,3.7,30,63,Sinhala,Male,Yes,Yes,Yes,Yes
229302,HR,2.4,29,63,Sinhala,Male,Yes,Yes,Yes,Yes
631156,HR,4.4,30,63,Sinhala,Male,Yes,Yes,Yes,Yes
194550,HR,3.9,34,63,Sinhala,Female,Yes,Yes,Yes,Yes
640207,HR,2.8,34,63,Sinhala,Female,Yes,Yes,Yes,Yes
197474,HR,3.5,34,63,Sinhala,Female,Yes,Yes,Yes,Yes
422272,HR,3.1,33,63,Sinhala,Female,Yes,Yes,Yes,Yes
604141,Network Engineer,5,32,55,Sinhala,Female,Yes,Yes,Yes,Yes
14765,Network Engineer,3.8,24,55,Sinhala,No,Yes,Yes,Yes,Yes
637251,Network Engineer,4.8,33,55,Sinhala,No,Yes,Yes,Yes,Yes
473039,Network Engineer,2.1,33,55,Sinhala,No,Yes,Yes,Yes,Yes
689585,Network Engineer,3.1,30,55,Sinhala,No,Yes,Yes,Yes,Yes
492114,Network Engineer,2,32,55,Sinhala,No,Yes,Yes,Yes,Yes
260840,Network Engineer,4.8,32,55,Sinhala,Male,Yes,Yes,Yes,No
415599,Network Engineer,2.1,33,55,Sinhala,Male,Yes,Yes,Yes,No
430155,Network Engineer,3.1,44,55,Sinhala,Male,Yes,Yes,Yes,No
874725,Network Engineer,2,26,55,Sinhala,Male,Yes,Yes,Yes,No
288251,Project Manager,2,37,68,Sinhala,Female,Yes,Yes,Yes,No
898333,Project Manager,4.6,36,68,Sinhala,Female,Yes,Yes,Yes,No
733766,Project Manager,4.6,31,68,Sinhala,Female,Yes,Yes,Yes,No
400638,Project Manager,4.5,34,68,Sinhala,Female,Yes,Yes,Yes,No
87194,Project Manager,4.3,28,68,Sinhala,No,Yes,Yes,Yes,No
385517,Database Administrator,3.8,34,60,Sinhala,No,Yes,Yes,Yes,No
194308,Database Administrator,3.3,23,60,Sinhala,No,Yes,Yes,Yes,No
234004,Database Administrator,5,38,60,Sinhala,No,Yes,Yes,Yes,No
836566,Database Administrator,4.2,33,60,Sinhala,No,Yes,Yes,Yes,No
513630,Database Administrator,2,19,60,Sinhala,No,Yes,Yes,Yes,No
300384,Database Administrator,3.7,25,60,Sinhala,Male,Yes,Yes,No,Yes
46568,Database Administrator,4.1,31,60,Sinhala,Male,Yes,Yes,No,Yes
996553,Database Administrator,4,32,60,Sinhala,Male,Yes,Yes,No,Yes
935913,Database Administrator,2.9,28,60,Sinhala,Male,Yes,Yes,No,Yes
134023,Database Administrator,4.6,38,80,Sinhala,Female,Yes,Yes,No,Yes
897673,Nurse,3.7,23,80,Sinhala,Female,Yes,Yes,No,Yes
286935,Nurse,3.8,30,80,Sinhala,Female,Yes,Yes,No,Yes
726277,Nurse,4.2,27,80,Sinhala,No,Yes,Yes,No,Yes
420537,Nurse,2.7,33,80,Sinhala,No,Yes,Yes,No,Yes
491519,Nurse,2.6,31,80,Sinhala,No,Yes,Yes,No,Yes
543365,Nurse,3.7,39,80,Sinhala,No,Yes,Yes,No,Yes
905519,Lecturer,4.5,34,80,Sinhala,Male,Yes,Yes,No,No
721520,Lecturer,3.7,29,80,Sinhala,Male,Yes,Yes,No,No
783178,Lecturer,3.4,32,80,English,Male,Yes,Yes,No,No
456959,Lecturer,3.8,31,80,Sinhala,Male,Yes,Yes,No,No
368602,Lecturer,4.1,40,80,Sinhala,Female,Yes,Yes,No,No
32476,Lecturer,2.9,34,80,Sinhala,Female,Yes,Yes,No,No
992276,Lecturer,3.9,18,80,Sinhala,Female,Yes,Yes,No,No
210156,Lecturer,4.9,25,80,Sinhala,Female,Yes,Yes,No,No
74744,Lecturer,4.3,29,80,Sinhala,No,Yes,Yes,No,No
551240,Lecturer,3.4,24,80,Sinhala,No,Yes,Yes,No,No
115869,Lecturer,3.5,31,80,Sinhala,No,Yes,Yes,No,No
631637,Lecturer,2.4,33,80,Sinhala,No,Yes,Yes,No,No
413068,Lecturer,4.3,30,80,Sinhala,No,Yes,Yes,No,No
924454,Lecturer,4.1,26,75,Sinhala,Male,Yes,No,Yes,Yes
980239,Teacher,3.3,44,75,Sinhala,Male,Yes,No,Yes,Yes
937464,Teacher,2,25,75,Sinhala,Male,Yes,No,Yes,Yes
776824,Teacher,4.8,33,75,Sinhala,Male,Yes,No,Yes,Yes
117807,Teacher,4.9,29,75,Sinhala,Female,Yes,No,Yes,Yes
100478,Teacher,2.5,35,75,Sinhala,Female,Yes,No,Yes,Yes
925337,Teacher,2.9,35,75,Sinhala,Female,Yes,No,Yes,Yes
696017,Teacher,4.6,28,75,Sinhala,Female,Yes,No,Yes,Yes
607495,Teacher,3.8,34,75,Sinhala,Female,Yes,No,Yes,Yes
362127,Teacher,3.1,32,75,Sinhala,No,Yes,No,Yes,Yes
61627,Teacher,4.7,22,75,Sinhala,No,Yes,No,Yes,Yes
352499,Teacher,2.8,28,85,Sinhala,No,Yes,No,Yes,Yes
619710,Tech Lead,4.5,45,85,Sinhala,No,Yes,No,Yes,Yes
95239,Tech Lead,2.1,32,85,Sinhala,No,Yes,No,Yes,Yes
7083,Tech Lead,2,28,85,Sinhala,No,Yes,No,Yes,Yes
250450,Tech Lead,4.5,26,85,Sinhala,Male,Yes,No,Yes,No
944696,Tech Lead,4,21,85,Sinhala,Male,Yes,No,Yes,No
808116,Tech Lead,4.5,27,85,Sinhala,Male,Yes,No,Yes,No
875724,Tech Lead,2.1,18,85,Sinhala,Female,Yes,No,Yes,No
769125,Tech Lead,4.4,35,85,Sinhala,Female,Yes,No,Yes,No
674343,Tech Lead,4.2,29,85,Sinhala,Female,Yes,No,Yes,No
951353,HR,2,33,63,Sinhala,Female,Yes,No,Yes,No
388697,HR,4.6,31,63,Sinhala,No,Yes,No,Yes,No
142666,HR,4.6,39,63,Sinhala,No,Yes,No,Yes,No
874195,HR,4.5,34,63,Sinhala,No,Yes,No,Yes,No
27223,HR,4.3,29,63,Sinhala,No,Yes,No,Yes,No
213469,HR,3.8,32,63,Sinhala,No,Yes,No,Yes,No
896268,HR,3.3,31,63,Sinhala,No,Yes,No,Yes,No
955071,HR,5,40,63,Sinhala,Male,Yes,No,No,Yes
842514,Network Engineer,4.2,34,55,Sinhala,Male,Yes,No,No,Yes
697896,Network Engineer,2,18,55,Sinhala,Male,Yes,No,No,Yes
387777,Network Engineer,3.7,25,55,Sinhala,Male,Yes,No,No,Yes
177609,Network Engineer,4.1,29,55,Sinhala,Female,Yes,No,No,Yes
668990,Network Engineer,4,24,55,Sinhala,Female,Yes,No,No,Yes
792134,Network Engineer,2.9,31,55,Sinhala,Female,Yes,No,No,Yes
345180,Network Engineer,4.6,33,55,Sinhala,Female,Yes,No,No,Yes
934255,Network Engineer,3.7,30,55,Sinhala,No,Yes,No,No,Yes
375785,Network Engineer,3.8,26,55,Sinhala,No,Yes,No,No,Yes
804778,Network Engineer,4.2,44,55,Tamil,No,Yes,No,No,Yes
248942,Project Manager,2.7,25,68,Tamil,No,Yes,No,No,Yes
953865,Project Manager,2.6,33,68,Tamil,No,Yes,No,No,Yes
188696,Project Manager,3.7,29,68,Tamil,Male,Yes,No,No,No
424897,Project Manager,4.5,35,68,Tamil,Male,Yes,No,No,No
292964,Project Manager,3.7,35,68,Tamil,Male,Yes,No,No,No
656621,Database Administrator,3.4,28,60,Tamil,Male,Yes,No,No,No
172900,Database Administrator,3.8,34,60,Tamil,Female,Yes,No,No,No
356192,Database Administrator,4.1,32,60,Tamil,Female,Yes,No,No,No
835603,Database Administrator,2.9,22,60,Tamil,Female,Yes,No,No,No
519814,Database Administrator,3.9,28,60,Tamil,Female,Yes,No,No,No
366378,Database Administrator,4.9,45,60,Tamil,No,Yes,No,No,No
32611,Database Administrator,4.3,32,60,Tamil,No,Yes,No,No,No
625588,Database Administrator,3.4,28,60,Tamil,No,Yes,No,No,No
711765,Database Administrator,3.5,26,60,Tamil,No,Yes,No,No,No
509645,Database Administrator,2.4,21,80,Tamil,No,Yes,No,No,No
882705,Nurse,4.3,27,80,Tamil,No,Yes,No,No,No
12619,Nurse,4.1,18,80,Tamil,No,Yes,No,No,No
127765,Nurse,3.3,33,80,Tamil,Male,No,Yes,Yes,Yes
189563,Nurse,2,35,80,Tamil,Male,No,Yes,Yes,Yes
155119,Nurse,4.8,34,80,Tamil,Male,No,Yes,Yes,Yes
571225,Nurse,4.9,37,80,Tamil,Male,No,Yes,Yes,Yes
925025,Lecturer,2.5,32,80,Tamil,Female,No,Yes,Yes,Yes
760552,Lecturer,2.9,30,80,English,Female,No,Yes,Yes,Yes
167953,Lecturer,4.6,29,80,English,Female,No,Yes,Yes,Yes
603228,Lecturer,3.8,30,80,English,Female,No,Yes,Yes,Yes
356009,Lecturer,3.1,34,80,English,No,No,Yes,Yes,Yes
420879,Lecturer,4.7,34,80,English,No,No,Yes,Yes,Yes
86237,Lecturer,2.8,34,80,English,No,No,Yes,Yes,Yes
553191,Lecturer,4.5,33,80,English,No,No,Yes,Yes,Yes
648636,Lecturer,2.1,32,80,English,No,No,Yes,Yes,Yes
251282,Lecturer,2,24,80,English,No,No,Yes,Yes,Yes
617085,Lecturer,4.5,33,80,English,Male,No,Yes,Yes,No
229543,Lecturer,4,33,80,English,Male,No,Yes,Yes,No
962697,Lecturer,4.5,30,80,English,Male,No,Yes,Yes,No
122183,Lecturer,2.1,32,75,English,Male,No,Yes,Yes,No
719034,Teacher,4.4,32,75,English,Female,No,Yes,Yes,No
134557,Teacher,4.2,33,75,English,Female,No,Yes,Yes,No
92017,Teacher,2,44,75,English,Female,No,Yes,Yes,No
575351,Teacher,4.6,26,75,English,Female,No,Yes,Yes,No
332888,Teacher,4.6,37,75,English,No,No,Yes,Yes,No
770917,Teacher,4.5,33,75,English,No,No,Yes,Yes,No
366882,Teacher,4.3,35,75,English,No,No,Yes,Yes,No
185419,Teacher,3.8,34,75,Sinhala,No,No,Yes,Yes,No
454122,Teacher,3.3,37,75,Sinhala,No,No,Yes,Yes,No
368021,Teacher,5,32,75,Sinhala,No,No,Yes,Yes,No
294205,Teacher,4.2,30,85,Sinhala,Male,No,Yes,No,Yes
852445,Tech Lead,2,29,85,Sinhala,Male,No,Yes,No,Yes
761700,Tech Lead,3.7,30,85,Sinhala,Male,No,Yes,No,Yes
66905,Tech Lead,4.1,34,85,Sinhala,Male,No,Yes,No,Yes
307605,Tech Lead,4,34,85,Sinhala,Female,No,Yes,No,Yes
364806,Tech Lead,2.9,34,85,Sinhala,Female,No,Yes,No,Yes
768826,Tech Lead,4.6,33,85,Sinhala,Female,No,Yes,No,Yes
179613,Tech Lead,3.7,32,85,Sinhala,Female,No,Yes,No,Yes
995774,Tech Lead,3.8,24,85,Sinhala,Female,No,Yes,No,Yes
456366,Tech Lead,4.2,33,85,Sinhala,No,No,Yes,No,Yes
107922,HR,2.7,33,63,Sinhala,No,No,Yes,No,Yes
900438,HR,2.6,30,63,Sinhala,No,No,Yes,No,Yes
889518,HR,3.7,32,63,Sinhala,No,No,Yes,No,Yes
389096,HR,4.5,32,63,Sinhala,No,No,Yes,No,Yes
693255,HR,3.7,33,63,Sinhala,No,No,Yes,No,Yes
102912,HR,3.4,44,63,Sinhala,Male,No,Yes,No,No
446785,HR,3.8,26,63,Sinhala,Male,No,Yes,No,No
673963,HR,4.1,37,63,Sinhala,Male,No,Yes,No,No
332122,Network Engineer,2.9,33,55,Sinhala,Male,No,Yes,No,No
375312,Network Engineer,3.9,35,55,Sinhala,Female,No,Yes,No,No
65832,Network Engineer,4.9,34,55,Sinhala,Female,No,Yes,No,No
74293,Network Engineer,4.3,37,55,Sinhala,Female,No,Yes,No,No
412254,Network Engineer,3.4,32,55,Sinhala,Female,No,Yes,No,No
469706,Network Engineer,3.5,30,55,Sinhala,Female,No,Yes,No,No
366460,Network Engineer,2.4,29,55,Sinhala,No,No,Yes,No,No
620518,Network Engineer,4.3,30,55,Sinhala,No,No,Yes,No,No
830397,Network Engineer,4.1,34,55,Sinhala,No,No,Yes,No,No
155471,Network Engineer,3.3,34,55,Sinhala,No,No,Yes,No,No
93238,Project Manager,2,34,68,Sinhala,No,No,Yes,No,No
474870,Project Manager,4.8,33,68,Sinhala,No,No,Yes,No,No
76830,Project Manager,4.9,32,68,Sinhala,Male,No,No,Yes,Yes
828425,Project Manager,2.5,24,68,Sinhala,Male,No,No,Yes,Yes
549645,Project Manager,2.9,33,68,Sinhala,Male,No,No,Yes,Yes
812975,Database Administrator,4.6,33,60,Sinhala,Male,No,No,Yes,Yes
172870,Database Administrator,3.8,30,60,Sinhala,Male,No,No,Yes,Yes
888480,Database Administrator,3.1,32,60,Sinhala,Female,No,No,Yes,Yes
770344,Database Administrator,4.7,32,60,Sinhala,Female,No,No,Yes,Yes
635980,Database Administrator,2.8,33,60,Sinhala,Female,No,No,Yes,Yes
883931,Database Administrator,4.5,44,60,Sinhala,Female,No,No,Yes,Yes
967593,Database Administrator,2.1,26,60,Sinhala,No,No,No,Yes,Yes
101186,Database Administrator,2,37,60,Sinhala,No,No,No,Yes,Yes
56527,Database Administrator,4.5,33,60,Sinhala,No,No,No,Yes,Yes
884918,Database Administrator,4,35,80,Sinhala,No,No,No,Yes,Yes
452473,Nurse,4.5,34,80,Sinhala,No,No,No,Yes,Yes
705921,Nurse,2.1,37,80,Sinhala,No,No,No,Yes,Yes
979776,Nurse,4.4,32,80,Sinhala,Male,No,No,Yes,No
740582,Nurse,4.2,30,80,Sinhala,Male,No,No,Yes,No
844014,Nurse,2,29,80,Sinhala,Male,No,No,Yes,No
851620,Nurse,4.6,30,80,Sinhala,Male,No,No,Yes,No
442206,Lecturer,4.6,34,80,Sinhala,Male,No,No,Yes,No
140941,Lecturer,4.5,34,80,Sinhala,Female,No,No,Yes,No
263386,Lecturer,4.3,34,80,Sinhala,Female,No,No,Yes,No
101690,Lecturer,3.8,33,80,Sinhala,Female,No,No,Yes,No
530910,Lecturer,3.3,32,80,Sinhala,Female,No,No,Yes,No
263857,Lecturer,5,24,80,Sinhala,No,No,No,Yes,No
907368,Lecturer,4.2,33,80,Sinhala,No,No,No,Yes,No
221566,Lecturer,2,33,80,Sinhala,No,No,No,Yes,No
84084,Lecturer,3.7,30,80,Sinhala,No,No,No,Yes,No
912552,Lecturer,4.1,32,80,Sinhala,No,No,No,Yes,No
991511,Lecturer,4,32,80,Sinhala,No,No,No,Yes,No
103611,Lecturer,2.9,33,80,Sinhala,No,No,No,Yes,No
943157,Lecturer,4.6,44,80,Sinhala,Male,No,No,No,Yes
782796,Lecturer,3.7,26,75,Sinhala,Male,No,No,No,Yes
544268,Teacher,3.8,37,75,Sinhala,Male,No,No,No,Yes
946340,Teacher,4.2,33,75,Sinhala,Male,No,No,No,Yes
633485,Teacher,2.7,35,75,Sinhala,Female,No,No,No,Yes
78968,Teacher,2.6,34,75,Sinhala,Female,No,No,No,Yes
493305,Teacher,3.7,37,75,Sinhala,Female,No,No,No,Yes
856279,Teacher,4.5,32,75,Sinhala,Female,No,No,No,Yes
123123,Teacher,3.7,30,75,Sinhala,Female,No,No,No,Yes
299438,Teacher,3.4,29,75,Sinhala,Female,No,No,No,Yes
546917,Teacher,3.8,30,75,Sinhala,No,No,No,No,Yes
510500,Teacher,4.1,34,75,Sinhala,No,No,No,No,Yes
721984,Teacher,2.9,34,85,Sinhala,No,No,No,No,Yes
505359,Tech Lead,3.9,34,85,Sinhala,No,No,No,No,Yes
713245,Tech Lead,4.9,33,85,Sinhala,No,No,No,No,Yes
260143,Tech Lead,4.3,32,85,Sinhala,No,No,No,No,Yes
489791,Tech Lead,3.4,24,85,Sinhala,Male,No,No,No,No
266839,Tech Lead,3.5,33,85,Sinhala,Male,No,No,No,No
166415,Tech Lead,2.4,33,85,Sinhala,Male,No,No,No,No
835467,Tech Lead,4.3,30,85,Sinhala,Male,No,No,No,No
62361,Tech Lead,4.1,32,85,Sinhala,Female,No,No,No,No
478480,Tech Lead,3.3,32,85,Sinhala,Female,No,No,No,No
490781,HR,2,33,63,Sinhala,Female,No,No,No,No
476774,HR,4.8,44,63,Sinhala,Female,No,No,No,No
107431,HR,4.9,26,63,Sinhala,No,No,No,No,No
761616,HR,2.5,37,63,Sinhala,No,No,No,No,No
101038,HR,2.9,33,63,Sinhala,No,No,No,No,No
810321,HR,4.6,35,63,Sinhala,No,No,No,No,No
684391,HR,3.8,34,63,Sinhala,No,No,No,No,No
22482,HR,3.1,37,63,Sinhala,No,No,No,No,No
973706,Network Engineer,4.7,32,55,Sinhala,No,No,No,No,No
215312,Doctor,2.8,30,98,Sinhala,Male,Yes,Yes,Yes,Yes
918404,Doctor,4.5,29,98,Sinhala,Male,Yes,Yes,Yes,Yes
831576,Doctor,2.1,30,98,Sinhala,Male,Yes,Yes,Yes,Yes
402128,Doctor,2,34,98,Sinhala,Male,Yes,Yes,Yes,Yes
37395,Doctor,4.5,34,98,Sinhala,Female,Yes,Yes,Yes,Yes
932494,Doctor,4,34,98,Sinhala,Female,Yes,Yes,Yes,Yes
221284,Doctor,4.5,33,98,Sinhala,Female,Yes,Yes,Yes,Yes
560584,Doctor,2.1,32,98,Sinhala,Female,Yes,Yes,Yes,Yes
321119,Doctor,4.4,24,98,Sinhala,No,Yes,Yes,Yes,Yes
710776,Doctor,4.2,33,95,Sinhala,No,Yes,Yes,Yes,Yes
464889,Lawyer,4,33,95,Sinhala,No,Yes,Yes,Yes,Yes
721359,Lawyer,2.1,30,95,Sinhala,No,Yes,Yes,Yes,Yes
565419,Lawyer,4.3,32,95,Sinhala,No,Yes,Yes,Yes,Yes
771272,Lawyer,3.6,32,95,Sinhala,No,Yes,Yes,Yes,Yes
973929,Lawyer,3.2,33,95,Sinhala,No,Yes,Yes,Yes,Yes
614494,Lawyer,3.5,44,103,Sinhala,Male,Yes,Yes,Yes,No
549634,Professor,4.2,26,103,Sinhala,Male,Yes,Yes,Yes,No
992327,Professor,4.9,37,103,Sinhala,Male,Yes,Yes,Yes,No
48875,Professor,2.6,37,103,Sinhala,Female,Yes,Yes,Yes,No
141838,Professor,2.7,44,103,Sinhala,Female,Yes,Yes,Yes,No
316492,Professor,4.7,32,103,Sinhala,Female,Yes,Yes,Yes,No
203171,Professor,4.8,31,103,Sinhala,Female,Yes,Yes,Yes,No
627161,Professor,4.9,31,105,Sinhala,Female,Yes,Yes,Yes,No
151869,CEO,2.2,33,105,Sinhala,No,Yes,Yes,Yes,No
475508,CEO,4.6,35,105,Sinhala,No,Yes,Yes,Yes,No
362795,CEO,4.9,39,105,Sinhala,No,Yes,Yes,Yes,No
507870,CEO,2.7,42,105,Sinhala,No,Yes,Yes,Yes,No
857989,CEO,2.1,23,105,Sinhala,No,Yes,Yes,Yes,No
230202,CEO,3.6,31,105,Sinhala,Male,Yes,Yes,No,Yes
789832,CEO,4.8,29,105,Sinhala,Male,Yes,Yes,No,Yes
849666,CEO,3.7,42,105,Sinhala,Male,Yes,Yes,No,Yes
444758,CEO,2.4,36,105,Sinhala,Male,Yes,Yes,No,Yes
984101,CIO,4.4,27,105,Sinhala,Female,Yes,Yes,No,Yes
290268,CIO,3.9,29,105,Sinhala,Female,Yes,Yes,No,Yes
6008,CIO,2.8,23,105,Sinhala,Female,Yes,Yes,No,Yes
595387,CIO,3.5,22,105,Sinhala,Female,Yes,Yes,No,Yes
722131,CIO,3.1,24,105,Sinhala,No,Yes,Yes,No,Yes
734887,CIO,5,23,105,Sinhala,No,Yes,Yes,No,Yes
644642,CIO,3.8,22,105,Sinhala,No,Yes,Yes,No,Yes
34178,CIO,4.8,22,105,Sinhala,No,Yes,Yes,No,Yes
289591,CIO,2.1,25,105,Sinhala,No,Yes,Yes,No,Yes
326345,CIO,3.1,22,100,Sinhala,No,Yes,Yes,No,Yes
604252,Senior Lecturer,2,23,100,Sinhala,Male,Yes,Yes,No,No
539672,Senior Lecturer,4.8,35,100,Sinhala,Male,Yes,Yes,No,No
527930,Senior Lecturer,2.1,33,100,Sinhala,Male,Yes,Yes,No,No
276418,Senior Lecturer,3.1,35,100,Sinhala,Male,Yes,Yes,No,No
306839,Senior Lecturer,2,34,100,Sinhala,Male,Yes,Yes,No,No
87875,Senior Lecturer,2,37,100,Sinhala,Female,Yes,Yes,No,No
546747,Senior Lecturer,4.6,35,100,Sinhala,Female,Yes,Yes,No,No
804455,Senior Lecturer,4.6,33,97,Sinhala,Female,Yes,Yes,No,No
274784,Senior Lead,4.5,35,97,Sinhala,Female,Yes,Yes,No,No
796648,Senior Lead,4.3,34,97,Sinhala,No,Yes,Yes,No,No
398364,Senior Lead,3.8,37,97,Sinhala,No,Yes,Yes,No,No
521853,Senior Lead,3.3,27,97,Sinhala,No,Yes,Yes,No,No
325717,Senior Lead,5,29,97,Sinhala,No,Yes,Yes,No,No
501078,Senior Lead,4.2,38,97,Sinhala,No,Yes,Yes,No,No
856767,Senior Lead,2,50,97,Sinhala,No,Yes,Yes,No,No
77533,Senior Lead,3.7,35,97,Sinhala,Male,Yes,No,Yes,Yes
684868,Senior Lead,4.1,24,92,Sinhala,Male,Yes,No,Yes,Yes
782392,Senior Accountant,4,35,92,Sinhala,Male,Yes,No,Yes,Yes
798344,Senior Accountant,2.9,27,92,Sinhala,Female,Yes,No,Yes,Yes
726105,Senior Accountant,4.6,18,92,Sinhala,Female,Yes,No,Yes,Yes
493452,Senior Accountant,3.7,30,92,Sinhala,Female,Yes,No,Yes,Yes
823998,Senior Accountant,3.8,38,92,Sinhala,Female,Yes,No,Yes,Yes
198099,Senior Accountant,4.2,28,92,Sinhala,Female,Yes,No,Yes,Yes
452741,Senior Accountant,2.7,34,92,Sinhala,No,Yes,No,Yes,Yes
102092,Senior Accountant,2.6,26,92,Sinhala,No,Yes,No,Yes,Yes
822857,Senior Accountant,3.7,30,95,Sinhala,No,Yes,No,Yes,Yes
380095,IT Director,4.5,22,95,Sinhala,No,Yes,No,Yes,Yes
717813,IT Director,3.7,33,95,Sinhala,No,Yes,No,Yes,Yes
849010,IT Director,3.4,31,95,Sinhala,No,Yes,No,Yes,Yes
129111,IT Director,3.8,32,95,Sinhala,No,Yes,No,Yes,Yes
761262,IT Director,4.1,28,95,Sinhala,Male,Yes,No,Yes,No
720080,IT Director,2.9,27,95,Sinhala,Male,Yes,No,Yes,No
62254,IT Director,3.9,32,91,Sinhala,Male,Yes,No,Yes,No
688837,Manager,4.9,21,91,Sinhala,Male,Yes,No,Yes,No
508163,Manager,4.3,30,91,Sinhala,Female,Yes,No,Yes,No
604635,Manager,3.4,24,91,Sinhala,Female,Yes,No,Yes,No
34771,Manager,3.5,26,91,Sinhala,Female,Yes,No,Yes,No
9653,Manager,2.4,40,91,Sinhala,Female,Yes,No,Yes,No
744383,Manager,4.3,37,91,Sinhala,Female,Yes,No,Yes,No
938652,Manager,4.1,26,91,Sinhala,No,Yes,No,Yes,No
50666,Manager,3.3,32,91,Sinhala,No,Yes,No,Yes,No
881123,Doctor,2,32,100,Sinhala,No,Yes,No,Yes,No
661284,Doctor,4.8,27,100,Sinhala,No,Yes,No,Yes,No
69966,Doctor,4.9,30,100,Sinhala,No,Yes,No,Yes,No
309432,Doctor,2.5,31,100,Sinhala,No,Yes,No,Yes,No
409341,Doctor,2.9,29,100,Sinhala,No,Yes,No,Yes,No
386304,Doctor,4.6,41,100,Sinhala,Male,Yes,No,No,Yes
352010,Doctor,3.8,34,97,Sinhala,Male,Yes,No,No,Yes
99214,Doctor,3.1,33,97,Sinhala,Male,Yes,No,No,Yes
436466,Doctor,4.7,28,97,Sinhala,Male,Yes,No,No,Yes
723661,Doctor,2.8,28,97,Sinhala,Male,Yes,No,No,Yes
951383,Lawyer,4.5,23,97,Sinhala,Female,Yes,No,No,Yes
230642,Lawyer,2.1,24,97,Sinhala,Female,Yes,No,No,Yes
506816,Lawyer,2,32,97,Sinhala,Female,Yes,No,No,Yes
195775,Lawyer,4.5,34,97,Sinhala,Female,Yes,No,No,Yes
728372,Lawyer,4,24,97,Sinhala,No,Yes,No,No,Yes
794158,Lawyer,4.5,26,92,Sinhala,No,Yes,No,No,Yes
389276,Professor,2.1,36,92,Sinhala,No,Yes,No,No,Yes
250817,Professor,4.4,41,92,Sinhala,No,Yes,No,No,Yes
903325,Professor,4.2,38,92,Sinhala,No,Yes,No,No,Yes
935884,Professor,2,38,92,Sinhala,No,Yes,No,No,Yes
603194,Professor,4.6,30,92,Sinhala,Male,Yes,No,No,No
366294,Professor,4.6,25,92,Sinhala,Male,Yes,No,No,No
646870,Professor,4.5,37,92,Sinhala,Male,Yes,No,No,No
173682,CEO,4.3,34,92,Sinhala,Male,Yes,No,No,No
584221,CEO,3.8,37,95,Sinhala,Female,Yes,No,No,No
100628,CEO,3.3,36,95,Sinhala,Female,Yes,No,No,No
301007,CEO,5,37,95,Sinhala,Female,Yes,No,No,No
772069,CEO,4.2,44,95,Sinhala,Female,Yes,No,No,No
817140,CEO,2,32,95,Sinhala,No,Yes,No,No,No
200125,CEO,3.7,31,105,Sinhala,No,Yes,No,No,No
45305,CEO,4.1,31,105,Sinhala,No,Yes,No,No,No
314896,CEO,4,33,105,Sinhala,No,Yes,No,No,No
211668,CIO,2.9,35,105,Sinhala,No,Yes,No,No,No
306038,CIO,4.6,39,105,Sinhala,No,Yes,No,No,No
638449,CIO,3.7,42,105,Sinhala,Male,No,Yes,Yes,Yes
659179,CIO,3.8,23,105,Sinhala,Male,No,Yes,Yes,Yes
35352,CIO,4.2,31,105,Sinhala,Male,No,Yes,Yes,Yes
326749,CIO,2.7,29,105,Sinhala,Male,No,Yes,Yes,Yes
879552,CIO,2.6,42,105,Sinhala,Female,No,Yes,Yes,Yes
423347,CIO,3.7,36,105,Sinhala,Female,No,Yes,Yes,Yes
605044,CIO,4.5,27,105,Sinhala,Female,No,Yes,Yes,Yes
654768,CIO,3.7,29,105,Sinhala,Female,No,Yes,Yes,Yes
178151,Senior Lecturer,3.4,23,100,Sinhala,No,No,Yes,Yes,Yes
138861,Senior Lecturer,3.8,22,100,Sinhala,No,No,Yes,Yes,Yes
179055,Senior Lecturer,4.1,24,100,Sinhala,No,No,Yes,Yes,Yes
627942,Senior Lecturer,2.9,23,100,Sinhala,No,No,Yes,Yes,Yes
149592,Senior Lecturer,3.9,22,100,Sinhala,No,No,Yes,Yes,Yes
899780,Senior Lecturer,4.9,22,100,Sinhala,Male,No,Yes,Yes,No
945857,Senior Lecturer,4.3,25,100,Sinhala,Male,No,Yes,Yes,No
33762,Senior Lecturer,3.4,22,97,Sinhala,Male,No,Yes,Yes,No
77746,Senior Lead,3.5,23,97,Sinhala,Male,No,Yes,Yes,No
468659,Senior Lead,2.4,35,97,Sinhala,Female,No,Yes,Yes,No
781089,Senior Lead,4.3,33,97,Sinhala,Female,No,Yes,Yes,No
117443,Senior Lead,4.1,35,97,Sinhala,Female,No,Yes,Yes,No
411382,Senior Lead,3.3,34,97,Sinhala,Female,No,Yes,Yes,No
159041,Senior Lead,2,37,97,Sinhala,Female,No,Yes,Yes,No
122478,Senior Lead,4.8,35,97,Sinhala,No,No,Yes,Yes,No
834523,Senior Lead,4.9,33,97,Sinhala,No,No,Yes,Yes,No
343333,Senior Lead,2.5,35,92,Sinhala,No,No,Yes,Yes,No
843230,Senior Accountant,2.9,34,92,Sinhala,No,No,Yes,Yes,No
431087,Senior Accountant,4.6,37,92,Sinhala,No,No,Yes,Yes,No
827800,Senior Accountant,3.8,27,92,Sinhala,No,No,Yes,Yes,No
253747,Senior Accountant,3.1,29,92,Sinhala,No,No,Yes,Yes,No
647894,Senior Accountant,4.7,38,92,Sinhala,Male,No,Yes,No,Yes
905982,Senior Accountant,2.8,50,100,Sinhala,Male,No,Yes,No,Yes
826902,Senior Accountant,4.5,35,100,Sinhala,Male,No,Yes,No,Yes
418736,Senior Accountant,2.1,24,100,Sinhala,Male,No,Yes,No,Yes
355971,Senior Accountant,2,35,100,Sinhala,Male,No,Yes,No,Yes
867583,IT Director,4.5,27,100,Sinhala,Female,No,Yes,No,Yes
192789,IT Director,4,18,100,Sinhala,Female,No,Yes,No,Yes
150737,IT Director,4.5,30,100,Sinhala,Female,No,Yes,No,Yes
880177,IT Director,2.1,38,97,Sinhala,Female,No,Yes,No,Yes
6092,IT Director,4.4,28,97,Sinhala,No,No,Yes,No,Yes
657471,IT Director,4.2,34,97,Sinhala,No,No,Yes,No,Yes
962656,IT Director,2,26,97,Sinhala,No,No,Yes,No,Yes
962783,Manager,4.6,30,97,Sinhala,No,No,Yes,No,Yes
234363,Manager,4.6,22,97,Sinhala,No,No,Yes,No,Yes
496931,Manager,4.5,33,97,Sinhala,No,No,Yes,No,Yes
127974,Manager,4.3,31,97,Sinhala,Male,No,Yes,No,No
449769,Manager,3.8,32,97,Sinhala,Male,No,Yes,No,No
951898,Manager,3.3,28,92,Sinhala,Male,No,Yes,No,No
635614,Manager,5,27,92,Sinhala,Male,No,Yes,No,No
970789,Manager,4.2,32,92,Sinhala,Female,No,Yes,No,No
396637,Doctor,2,21,92,Sinhala,Female,No,Yes,No,No
670815,Doctor,3.7,30,92,Sinhala,Female,No,Yes,No,No
846868,Doctor,4.1,24,92,Sinhala,Female,No,Yes,No,No
560398,Doctor,4,26,91,Sinhala,Female,No,Yes,No,No
69981,Doctor,2.9,40,91,Sinhala,No,No,Yes,No,No
959584,Doctor,4.6,37,91,Sinhala,No,No,Yes,No,No
20941,Doctor,3.7,26,91,Sinhala,No,No,Yes,No,No
456154,Doctor,3.8,32,91,Sinhala,No,No,Yes,No,No
635643,Doctor,4.2,32,91,Sinhala,No,No,Yes,No,No
663742,Doctor,2.7,27,100,Sinhala,No,No,Yes,No,No
134316,Lawyer,2.6,30,100,Sinhala,No,No,Yes,No,No
990505,Lawyer,3.7,31,100,Sinhala,Male,No,No,Yes,Yes
860776,Lawyer,4.5,29,100,Sinhala,Male,No,No,Yes,Yes
5620,Lawyer,3.7,41,100,Sinhala,Male,No,No,Yes,Yes
664350,Lawyer,3.4,34,100,Sinhala,Male,No,No,Yes,Yes
817345,Lawyer,3.8,33,97,Sinhala,Female,No,No,Yes,Yes
874485,Professor,4.1,28,97,Sinhala,Female,No,No,Yes,Yes
113783,Professor,2.9,28,97,Sinhala,Female,No,No,Yes,Yes
40469,Professor,3.9,23,97,Sinhala,Female,No,No,Yes,Yes
460779,Professor,4.9,24,97,Sinhala,Female,No,No,Yes,Yes
264453,Professor,4.3,32,97,Sinhala,No,No,No,Yes,Yes
310447,Professor,3.4,34,97,Sinhala,No,No,No,Yes,Yes
495718,Professor,3.5,24,97,Sinhala,No,No,No,Yes,Yes
412840,CEO,2.4,26,97,Sinhala,No,No,No,Yes,Yes
361533,CEO,4.3,36,92,Sinhala,No,No,No,Yes,Yes
996489,CEO,4.1,41,91,Sinhala,No,No,No,Yes,Yes
292777,CEO,4,38,91,Sinhala,No,No,No,Yes,Yes
289432,CEO,2.1,38,91,Sinhala,Male,No,No,Yes,No
119830,CEO,4.3,30,91,Sinhala,Male,No,No,Yes,No
782751,CEO,3.6,25,91,Sinhala,Male,No,No,Yes,No
63414,CEO,3.2,37,91,Sinhala,Male,No,No,Yes,No
608260,CEO,3.5,34,100,Sinhala,Male,No,No,Yes,No
284072,CIO,4.2,37,100,Sinhala,Female,No,No,Yes,No
816372,CIO,4.9,36,100,Sinhala,Female,No,No,Yes,No
319366,CIO,2.6,37,100,Sinhala,Female,No,No,Yes,No
888784,CIO,2.7,44,100,Sinhala,Female,No,No,Yes,No
808357,CIO,4.7,32,100,Sinhala,Female,No,No,Yes,No
383691,CIO,4.8,31,97,Sinhala,No,No,No,Yes,No
283181,CIO,4.9,31,97,Sinhala,No,No,No,Yes,No
673997,CIO,2.2,33,97,Sinhala,No,No,No,Yes,No
663676,CIO,4.6,35,97,Sinhala,No,No,No,Yes,No
875254,CIO,4.9,39,97,Sinhala,No,No,No,Yes,No
472754,Senior Lecturer,2.7,42,97,Sinhala,Male,No,No,No,Yes
681474,Senior Lecturer,2.1,23,97,Sinhala,Male,No,No,No,Yes
599047,Senior Lecturer,3.6,31,97,Sinhala,Male,No,No,No,Yes
413549,Senior Lecturer,4.8,29,97,Sinhala,Male,No,No,No,Yes
940195,Senior Lecturer,3.7,42,92,Sinhala,Male,No,No,No,Yes
643803,Senior Lecturer,2.4,36,91,Sinhala,Female,No,No,No,Yes
837616,Senior Lecturer,4.4,27,91,Sinhala,Female,No,No,No,Yes
889716,Senior Lecturer,3.9,29,91,Sinhala,Female,No,No,No,Yes
560188,Senior Lead,2.8,23,91,Sinhala,Female,No,No,No,Yes
516490,Senior Lead,3.5,22,91,Sinhala,Female,No,No,No,Yes
928056,Senior Lead,3.1,24,91,Sinhala,No,No,No,No,Yes
968224,Senior Lead,5,23,100,Sinhala,No,No,No,No,Yes
874162,Senior Lead,3.8,22,100,Sinhala,No,No,No,No,Yes
911173,Senior Lead,4.8,22,100,Sinhala,No,No,No,No,Yes
487582,Senior Lead,2.1,25,100,Sinhala,No,No,No,No,Yes
206924,Senior Lead,3.1,22,100,Sinhala,Male,No,No,No,No
881367,Senior Lead,2,23,100,Sinhala,Male,No,No,No,No
737046,Senior Accountant,4.8,35,97,Sinhala,Male,No,No,No,No
493087,Senior Accountant,2.1,33,97,Sinhala,Female,No,No,No,No
294769,Senior Accountant,3.1,35,97,Sinhala,Female,No,No,No,No
693621,Senior Accountant,2,34,97,Sinhala,Female,No,No,No,No
182216,Senior Accountant,2,37,97,Sinhala,Female,No,No,No,No
846557,Senior Accountant,4.6,32,97,Sinhala,Female,No,No,No,No
422669,Senior Accountant,4.6,30,97,Sinhala,No,No,No,No,No
693987,Senior Accountant,4.5,29,97,Sinhala,No,No,No,No,No
740347,Senior Accountant,4.3,30,97,Sinhala,No,No,No,No,No
28500,IT Director,3.8,34,92,Sinhala,No,No,No,No,No
227204,IT Director,3.3,34,92,Sinhala,No,No,No,No,No
316517,IT Director,5,34,92,Sinhala,No,No,No,No,No
